,customer_id,0,1,predicted
0,8670-ERCJH,0.9483334508164962,0.05166654918350347,0
1,0356-ERHVT,0.6883877947655526,0.31161220523444727,0
2,4786-UKSNZ,0.7307162451806876,0.2692837548193124,0
3,5945-AZYHT,0.6963236765576764,0.30367632344232354,0
4,4432-ADRLB,0.4790422442610877,0.5209577557389123,1
5,4378-BZYFP,0.979466941203386,0.02053305879661405,0
6,4580-TMHJU,0.8137238449675785,0.18627615503242137,0
7,6120-RJKLU,0.9873198287916235,0.012680171208376369,0
8,7579-KKLOE,0.9927224418060712,0.007277558193928782,0
9,1273-MTETI,0.1735756489636356,0.8264243510363641,1
10,7824-PANSQ,0.8131261312704667,0.1868738687295333,0
11,3523-QRQLL,0.8820877430372585,0.11791225696274153,0
12,1352-VHKAJ,0.8143125005249751,0.18568749947502508,0
13,5346-BZCHP,0.9973657980978953,0.002634201902104715,0
14,2592-SEIFQ,0.4104395402883531,0.589560459711647,1
15,2272-JKMSI,0.8518970101782724,0.1481029898217275,0
16,6421-SZVEM,0.8990733061794666,0.10092669382053325,0
17,7048-GXDAY,0.66388114524828,0.33611885475172004,0
18,1557-EMYVT,0.8653094617639969,0.13469053823600277,0
19,2189-UXTKY,0.8253564479396596,0.17464355206034024,0
20,8344-WFMFH,0.6550531036652647,0.34494689633473496,0
21,7968-QUXNS,0.7846054786959792,0.21539452130402076,0
22,5063-IUOKK,0.9733647444941296,0.02663525550587054,0
23,0853-TWRVK,0.9431597298874772,0.056840270112522434,0
24,7249-WBIYX,0.28134398615801687,0.7186560138419833,1
25,6260-ONULR,0.29549727498398676,0.7045027250160132,1
26,3014-WJKSM,0.711393534446232,0.28860646555376834,0
27,2483-XSSMZ,0.9310784884054154,0.06892151159458446,0
28,3354-OADJP,0.9087669349753074,0.09123306502469271,0
29,0259-GBZSH,0.16521071788171762,0.8347892821182822,1
30,5906-CVLHP,0.9308223983698524,0.06917760163014736,0
31,3780-DDGSE,0.8205945160040945,0.17940548399590572,0
32,4385-GZQXV,0.5452343189948459,0.4547656810051541,0
33,2468-SJFLM,0.32644397836679045,0.6735560216332095,1
34,1840-BIUOG,0.8496688108916763,0.15033118910832344,0
35,5583-SXDAG,0.1822694670398272,0.8177305329601725,1
36,2344-JMOGN,0.4235756523872196,0.5764243476127805,1
37,3941-XTSKM,0.8278888714174745,0.17211112858252553,0
38,2848-YXSMW,0.9985404377139132,0.0014595622860866934,0
39,2190-BCXEC,0.7273879956018692,0.2726120043981308,0
40,3398-GCPMU,0.9723202009872723,0.027679799012727678,0
41,3334-CTHOL,0.42909623107585426,0.5709037689241456,1
42,2920-RNCEZ,0.29228169515824864,0.7077183048417511,1
43,8402-OOOHJ,0.9994399460188933,0.0005600539811066126,0
44,5149-CUZUJ,0.8536556136032695,0.1463443863967305,0
45,9347-AERRL,0.9853714285714286,0.014628571428571428,0
46,7608-RGIRO,0.9938864506758895,0.0061135493241101764,0
47,5140-FOMCQ,0.8341108456443442,0.16588915435565565,0
48,7402-EYFXX,0.3252002047426536,0.6747997952573468,1
49,8178-EYZUO,0.7011417754128876,0.2988582245871127,0
50,0187-WZNAB,0.7571610212546709,0.242838978745329,0
51,7032-LMBHI,0.9727842137072861,0.027215786292713928,0
52,6908-VVYHM,0.6686346348863988,0.33136536511360104,0
53,5857-XRECV,0.8603126540849435,0.1396873459150564,0
54,8591-NXRCV,0.8354092262190561,0.16459077378094417,0
55,4504-YOULA,0.7833386739472692,0.21666132605273092,0
56,6048-NJXHX,0.9488398415393321,0.0511601584606678,0
57,6898-MDLZW,0.7552719775208915,0.2447280224791083,0
58,4522-XRWWI,0.876218834537498,0.12378116546250183,0
59,4706-AXVKM,0.34864024849306646,0.6513597515069334,1
60,0461-CVKMU,0.6651943495791035,0.33480565042089666,0
61,5334-AFQJB,0.9638598451558903,0.03614015484410965,0
62,9134-CEQMF,0.3773746774725778,0.6226253225274224,1
63,7359-SSBJK,0.9640419104474338,0.0359580895525663,0
64,6288-LBEAR,0.7498465854550844,0.2501534145449156,0
65,8949-JTMAY,0.6084454325103029,0.39155456748969675,0
66,1685-VAYJF,0.7078929580339648,0.29210704196603465,0
67,4012-YCFAI,0.9800408435166983,0.01995915648330172,0
68,8735-SDUFN,0.9992307692307691,0.0007692307692307692,0
69,7517-LDMPS,0.47378629510169973,0.5262137048983002,1
70,0235-KGSLC,0.2839363036499163,0.7160636963500835,1
71,7234-FECYN,0.33302901917120764,0.6669709808287924,1
72,5084-OOVCJ,0.8567140988651161,0.14328590113488357,0
73,5010-IPEAQ,0.9849595554324823,0.015040444567517694,0
74,1064-FBXNK,0.7158831990794016,0.2841168009205984,0
75,1049-FYSYG,0.660161592369462,0.3398384076305377,0
76,2205-YMZZJ,0.24357377951598339,0.7564262204840163,1
77,0268-QKIWO,0.8995904008786308,0.10040959912136894,0
78,7767-UXAGJ,0.402528340528255,0.5974716594717452,1
79,6671-NGWON,0.945685506699099,0.05431449330090074,0
80,5092-STPKP,0.8605200031058982,0.13947999689410134,0
81,2018-PZKMU,0.45811896433352545,0.5418810356664746,1
82,6838-HVLXG,0.9504122113474618,0.04958778865253809,0
83,0848-SOMKO,0.9477122088267934,0.052287791173206574,0
84,5789-LDFXO,0.8887880341880341,0.1112119658119658,0
85,3104-OWCGK,0.7444856773963163,0.25551432260368356,0
86,9860-LISIZ,0.9306510277923588,0.06934897220764105,0
87,4911-BANWH,0.6348869653340893,0.3651130346659105,0
88,4134-BSXLX,0.9399842113115371,0.060015788688462815,0
89,1080-BWSYE,0.9991931784892237,0.000806821510776313,0
90,6435-SRWBJ,0.26086284603259857,0.7391371539674015,1
91,4210-QFJMF,0.3660267719561591,0.6339732280438409,1
92,8364-TRMMK,0.4411818713045955,0.5588181286954044,1
93,6407-GSJNL,0.9982169862737907,0.001783013726209222,0
94,9143-CANJF,0.8669448020953873,0.13305519790461282,0
95,0913-XWSCN,0.7213812051313895,0.27861879486861035,0
96,9770-KXGQU,0.9150142799590322,0.08498572004096787,0
97,4833-QTJNO,0.7990664425284761,0.20093355747152392,0
98,6618-RYATB,0.08152779897402969,0.9184722010259704,1
99,1465-LNTLJ,0.7795317631038917,0.2204682368961083,0
100,9169-BSVIN,0.6707622930528285,0.32923770694717147,0
101,5016-IBERQ,0.623014572002546,0.37698542799745427,0
102,9469-WEJBT,0.7316753732974781,0.26832462670252183,0
103,5119-KEPFY,0.5523420367918136,0.44765796320818635,0
104,9766-HGEDE,0.9682531328320801,0.0317468671679198,0
105,2911-IJORQ,0.899126149026149,0.10087385097385117,0
106,9500-LTVBP,0.5852601839659792,0.41473981603402094,0
107,8720-RQSBJ,0.31080327623774645,0.6891967237622536,1
108,5828-DWPIL,0.7520512876361991,0.24794871236380117,0
109,7542-CYDDM,0.9522158240827934,0.04778417591720662,0
110,6762-NSODU,0.9978441558441559,0.002155844155844156,0
111,8380-MQINP,0.9968243902304006,0.0031756097695995393,0
112,6656-JWRQX,0.6161683883836401,0.38383161161636004,0
113,9172-ANCRX,0.2568610954229238,0.7431389045770759,1
114,7161-DFHUF,0.9948391882457476,0.005160811754252348,0
115,2040-XBAVJ,0.9659199879313642,0.03408001206863544,0
116,4391-LNRXK,0.7715629533595428,0.22843704664045741,0
117,2001-EWBQU,0.8219047555959917,0.17809524440400815,0
118,1582-RAFML,0.46018641276354316,0.5398135872364569,1
119,2186-QZEYA,0.7799941195975524,0.22000588040244762,0
120,9972-NKTFD,0.8820036271905503,0.11799637280944976,0
121,5928-QLDHB,0.425836423199302,0.5741635768006979,1
122,9367-OIUXP,0.9156997728850107,0.0843002271149893,0
123,9495-REDIY,0.9194336463675938,0.0805663536324061,0
124,7073-QETQY,0.9630178571428571,0.03698214285714286,0
125,2234-EOFPT,0.9959003538657691,0.004099646134230897,0
126,4083-EUGRJ,0.9431566481318215,0.05684335186817826,0
127,5924-SNGKP,0.9988723441309648,0.0011276558690351793,0
128,7762-ONLJY,0.9318036839827915,0.06819631601720867,0
129,2237-ZFSMY,0.8144479970148305,0.18555200298516936,0
130,4927-WWOOZ,0.1876238909694439,0.8123761090305558,1
131,8541-QVFKM,0.4494687620587529,0.5505312379412473,1
132,3705-RHRFR,0.8603090366972573,0.13969096330274236,0
133,3219-JQRSL,0.9610695686245612,0.03893043137543884,0
134,4908-XAXAY,0.8155337101957337,0.18446628980426605,0
135,4140-MUHUG,0.2564938893978159,0.7435061106021841,1
136,6319-IEJWJ,0.45344037647890206,0.546559623521098,1
137,3419-SNJJD,0.7710313146243741,0.22896868537562554,0
138,2164-SOQXL,0.9799841036671829,0.020015896332817085,0
139,2068-WWXQZ,0.9873286610092833,0.012671338990716676,0
140,3657-COGMW,0.8250487349341955,0.17495126506580433,0
141,4667-OHGKG,0.635420891016934,0.36457910898306595,0
142,7377-DMMRI,0.4619542864980778,0.5380457135019222,1
143,0508-SQWPL,0.9983039215686275,0.0016960784313725492,0
144,1768-ZAIFU,0.22005340954463065,0.7799465904553693,1
145,3130-ICDUP,0.3617202516542253,0.6382797483457748,1
146,4328-VUFWD,0.8969519600932724,0.10304803990672788,0
147,9514-JDSKI,0.39357425562094606,0.6064257443790538,1
148,3243-ZHOHY,0.9957773034970958,0.0042226965029040645,0
149,6115-ZTBFQ,0.9840831588275784,0.015916841172421772,0
150,9054-FOWNV,0.37459401286016375,0.6254059871398363,1
151,8347-GDTMP,0.9939304347826088,0.006069565217391304,0
152,2577-GVSIL,0.920957564114476,0.07904243588552377,0
153,7299-GNVPL,0.856025841964609,0.14397415803539093,0
154,1389-WNUIB,0.8419595321825618,0.15804046781743797,0
155,1548-FEHVL,0.7644625281491284,0.23553747185087118,0
156,2706-QZIHY,0.9959146569209971,0.004085343079002972,0
157,4081-DYXAV,0.8121674367462909,0.18783256325370895,0
158,7054-DMVAS,0.9807029158441101,0.019297084155889765,0
159,8076-FEZKJ,0.9841762438739401,0.01582375612605996,0
160,3569-EDBPQ,0.6444221204181924,0.3555778795818076,0
161,0516-UXRMT,0.8654010778943451,0.13459892210565497,0
162,5208-HFSBT,0.5321466985867411,0.46785330141325887,0
163,5788-YPOEG,0.8900300473352952,0.10996995266470469,0
164,8577-QSOCG,0.9455378926533696,0.054462107346630345,0
165,2474-LCNUE,0.7881272499908611,0.2118727500091387,0
166,4890-VMUAV,0.9420126845080727,0.057987315491927344,0
167,1213-NGCUN,0.6884435001029112,0.3115564998970888,0
168,5676-CFLYY,0.9559709367001104,0.044029063299889606,0
169,6698-OXETB,0.9791701608764778,0.020829839123522268,0
170,6650-VJONK,0.5225582307221759,0.4774417692778241,0
171,7479-NITWS,0.32097823634961786,0.6790217636503819,1
172,3841-CONLJ,0.22160315376887893,0.778396846231121,1
173,7718-RXDGG,0.650662932824856,0.34933706717514396,0
174,2027-DNKIV,0.9371536536013556,0.06284634639864427,0
175,9462-MJUAW,0.3534387572027508,0.6465612427972494,1
176,3898-GUYTS,0.6453558629018735,0.3546441370981262,0
177,0354-WYROK,0.5678561560385956,0.4321438439614045,0
178,7284-BUYEC,0.5273212201001826,0.4726787798998175,0
179,8401-EMUWF,0.8806916601634022,0.11930833983659798,0
180,0215-BQKGS,0.7745950997875427,0.2254049002124572,0
181,4119-ZYPZY,0.884697725383794,0.11530227461620583,0
182,5606-AMZBO,0.5214892967612775,0.4785107032387224,0
183,5494-HECPR,0.08510333667378608,0.9148966633262138,1
184,7967-HYCDE,0.5531985984510261,0.4468014015489738,0
185,6994-FGRHH,0.8180734878391306,0.1819265121608693,0
186,3312-UUMZW,0.6121477886277111,0.3878522113722888,0
187,3717-OEAUQ,0.3328615552531495,0.6671384447468506,1
188,5277-ZLOOR,0.15366074291143664,0.8463392570885631,1
189,8715-KKTFG,0.9007185902709216,0.09928140972907831,0
190,9863-JZAIC,0.8795989470321376,0.12040105296786228,0
191,2049-BAFNW,0.5813194445530563,0.41868055544694377,0
192,5136-GFPMB,0.7176928371843766,0.2823071628156232,0
193,9588-OZDMQ,0.5403025078617795,0.4596974921382205,0
194,7993-NQLJE,0.7352547673263017,0.2647452326736983,0
195,8868-WOZGU,0.37574767967110306,0.6242523203288969,1
196,6874-SGLHU,0.758030267589762,0.2419697324102378,0
197,4570-QHXHL,0.5056665621725037,0.4943334378274962,0
198,5707-ORNDZ,0.7166101853187962,0.2833898146812039,0
199,0432-CAJZV,0.346694269059637,0.6533057309403628,1
200,4760-THGOT,0.648445134693425,0.3515548653065752,0
201,4361-BKAXE,0.7406559698591313,0.2593440301408684,0
202,6633-SYEUS,0.8119228046662594,0.18807719533374048,0
203,9824-BEMCV,0.5096685168881355,0.4903314831118644,0
204,8626-XHBIE,0.9596592901820625,0.04034070981793734,0
205,0378-NHQXU,0.4756635505805113,0.5243364494194886,1
206,9620-QJREV,0.9770839753466872,0.02291602465331279,0
207,5146-CBVOE,0.6902849575227462,0.3097150424772536,0
208,4195-SMMNX,0.9541098136739263,0.045890186326073466,0
209,9441-QHEVC,0.6350252924052631,0.36497470759473705,0
210,8003-EWNDZ,0.931105385086109,0.06889461491389108,0
211,9647-ERGBE,0.4045806763045244,0.5954193236954753,1
212,8905-IAZPF,0.8457232226945719,0.15427677730542777,0
213,0036-IHMOT,0.906327966312326,0.09367203368767357,0
214,0326-VDYXE,0.812018477779014,0.18798152222098577,0
215,3580-REOAC,0.6347381976884339,0.365261802311566,0
216,0506-LVNGN,0.48178470278978885,0.5182152972102111,1
217,2114-MGINA,0.4255189136340696,0.5744810863659305,1
218,0277-ORXQS,0.9810658650881685,0.018934134911831338,0
219,5954-BDFSG,0.824255000192056,0.17574499980794422,0
220,1568-BEKZM,0.934325700952354,0.06567429904764574,0
221,4931-TRZWN,0.686548094368259,0.313451905631741,0
222,3533-UVMOM,0.9311870206487827,0.06881297935121744,0
223,6745-JEFZB,0.7765664100546384,0.2234335899453615,0
224,2325-ZUSFD,0.9375954481046906,0.06240455189530911,0
225,4128-ETESU,0.6201378738945934,0.37986212610540654,0
226,5985-TBABQ,0.8986994109368025,0.10130058906319724,0
227,7552-KEYGT,0.9927575051012218,0.0072424948987779994,0
228,3908-MKIMJ,0.8720308631427051,0.12796913685729472,0
229,9823-EALYC,0.9823629376234705,0.017637062376529435,0
230,7501-IWUNG,0.9868348796837334,0.01316512031626662,0
231,2974-GGUXS,0.579084884787099,0.4209151152129012,0
232,9092-GDZKO,0.9038892816285267,0.09611071837147342,0
233,2896-TBNBE,0.8523917713611415,0.1476082286388585,0
234,1855-AGAWH,0.6991840655573857,0.30081593444261434,0
235,4424-TKOPW,0.09554986263102144,0.9044501373689785,1
236,6048-UWKAL,0.8132401389012752,0.18675986109872475,0
237,2325-WINES,0.7680356027160211,0.23196439728397908,0
238,3128-YOVTD,0.7901800025544229,0.2098199974455769,0
239,1207-BLKSA,0.9868843722284316,0.013115627771568366,0
240,5044-LRQAQ,0.5391210415187937,0.46087895848120625,0
241,9522-BNTHX,0.6313181734549529,0.368681826545047,0
242,2929-QNSRW,0.7634746951360037,0.2365253048639965,0
243,4878-BUNFV,0.9988908386920042,0.001109161307995702,0
244,7868-TMWMZ,0.8208953475047095,0.17910465249529042,0
245,5624-RYAMH,0.7795358805166043,0.22046411948339564,0
246,3970-XGJDU,0.9295238095238095,0.07047619047619047,0
247,8046-DNVTL,0.951220129630066,0.04877987036993389,0
248,3284-SVCRO,0.9880615240889168,0.011938475911083171,0
249,8189-DUKMV,0.9289949212676385,0.07100507873236155,0
250,5671-UUNXD,0.8125240472508178,0.1874759527491822,0
251,0471-LVHGK,0.8789886887983321,0.12101131120166789,0
252,2159-TURXX,0.7925074441820541,0.20749255581794565,0
253,6311-UEUME,0.5169108529247137,0.4830891470752863,0
254,6235-VDHOM,0.48114338207807816,0.5188566179219217,1
255,2323-ARSVR,0.7858333395219194,0.21416666047808067,0
256,7162-WPHPM,0.9627763412408441,0.03722365875915568,0
257,5003-OKNNK,0.9734015973478001,0.026598402652200117,0
258,5792-JALQC,0.8833388146371803,0.1166611853628197,0
259,1215-VFYVK,0.49379957593655344,0.5062004240634466,1
260,6023-YEBUP,0.16764482870353425,0.8323551712964659,1
261,7629-WIXZF,0.7018709420788657,0.2981290579211339,0
262,3134-DSHVC,0.9107211832304043,0.08927881676959576,0
263,0784-GTUUK,0.9093023902651021,0.09069760973489788,0
264,5996-NRVXR,0.7198474328451979,0.28015256715480197,0
265,4315-MURBD,0.3675024286976544,0.6324975713023454,1
266,5995-LFTLE,0.8707348451558904,0.12926515484410964,0
267,1545-ACTAS,0.857370056429408,0.14262994357059217,0
268,4973-RLZVI,0.9169520819206638,0.08304791807933651,0
269,3811-VBYBZ,0.17562824494034363,0.8243717550596564,1
270,2429-AYKKO,0.9935082163401354,0.006491783659864516,0
271,5593-SUAOO,0.90034034877561,0.0996596512243898,0
272,3853-LYGAM,0.7122239816156618,0.2877760183843381,0
273,9074-KGVOX,0.7854397875603393,0.2145602124396605,0
274,8626-PTQGE,0.9865166593893828,0.013483340610617294,0
275,0019-EFAEP,0.9719450593301318,0.028054940669868186,0
276,7660-HDPJV,0.11462639620543345,0.8853736037945663,1
277,7794-JASDG,0.5998541968935949,0.400145803106405,0
278,1084-UQCHV,0.18099800010128742,0.8190019998987126,1
279,8808-ELEHO,0.3641720242462363,0.6358279757537636,1
280,5028-HTLJB,0.7099175301706094,0.2900824698293904,0
281,1569-TTNYJ,0.24524131282820918,0.7547586871717908,1
282,0214-JHPFW,0.978503700947255,0.021496299052745017,0
283,2860-RANUS,0.4662317389533458,0.5337682610466541,1
284,4291-YZODP,0.9552582241235327,0.04474177587646741,0
285,9254-RBFON,0.7588835151070584,0.2411164848929413,0
286,0004-TLHLJ,0.40009523427059507,0.5999047657294048,1
287,2239-JALAW,0.8151378970447724,0.1848621029552276,0
288,3376-BMGFE,0.31304827920471073,0.6869517207952892,1
289,1357-BIJKI,0.7170189835220551,0.28298101647794494,0
290,3097-IDVPU,0.8851117827331894,0.11488821726681066,0
291,3148-AOIQT,0.9977450868666554,0.002254913133344506,0
292,6629-LADHQ,0.6139587969513328,0.38604120304866724,0
293,1855-CFULU,0.8759268357344184,0.12407316426558128,0
294,1627-AFWVJ,0.9972609691649938,0.0027390308350060673,0
295,1142-IHLOO,0.8882103362122371,0.11178966378776314,0
296,3694-GLTJM,0.8075796278029634,0.19242037219703664,0
297,9631-XEYKE,0.38565122301072025,0.61434877698928,1
298,2709-UQGNP,0.7838683153852152,0.21613168461478474,0
299,7860-KSUGX,0.9584817186367661,0.041518281363233954,0
300,6794-HKIAJ,0.8448142668272864,0.15518573317271359,0
301,9541-PWTWO,0.9751763550809567,0.024823644919043257,0
302,4176-RELJR,0.9838598451558903,0.016140154844109644,0
303,9931-DCEZH,0.8973380935091713,0.1026619064908286,0
304,5457-COLHT,0.9855614168489822,0.014438583151017538,0
305,5474-LAMUQ,0.9982734254992319,0.0017265745007680492,0
306,8384-FZBJK,0.5453211333474847,0.4546788666525154,0
307,7838-LAZFO,0.915561362390833,0.0844386376091668,0
308,9926-PJHDQ,0.9715626367394122,0.028437363260587878,0
309,2061-VVFST,0.7500667802942936,0.24993321970570623,0
310,2959-FENLU,0.48934876114141235,0.5106512388585878,1
311,1596-OQSPS,0.8080852562752239,0.19191474372477585,0
312,3034-ZBEQN,0.9439039794154855,0.05609602058451434,0
313,1137-DGOWI,0.9157907615935791,0.08420923840642076,0
314,9693-XMUOB,0.6792788304827104,0.32072116951728963,0
315,8189-HBVRW,0.7855286983410285,0.21447130165897146,0
316,2272-UOINI,0.6895706877491306,0.3104293122508693,0
317,3956-MGXOG,0.5179429518564144,0.48205704814358563,0
318,5349-IECLD,0.31219807554942447,0.6878019244505754,1
319,0363-SVHYR,0.9907970710090612,0.009202928990938835,0
320,4589-IUAJB,0.9981344662147851,0.001865533785215042,0
321,3785-KTYSH,0.9758144029857277,0.024185597014272305,0
322,2254-DLXRI,0.08289355125941004,0.9171064487405899,1
323,9851-QXEEQ,0.39656184215678314,0.6034381578432169,1
324,3763-GCZHZ,0.7763936591320143,0.2236063408679857,0
325,5529-GIBVH,0.9979627530364371,0.002037246963562753,0
326,1991-VOPLL,0.8192430405140969,0.18075695948590295,0
327,0274-JKUJR,0.6610643126714555,0.33893568732854445,0
328,3078-ZKNTS,0.9218900865969275,0.07810991340307258,0
329,1965-AKTSX,0.34996411916607123,0.6500358808339287,1
330,6064-ZATLR,0.9852916862589873,0.014708313741012636,0
331,9124-LHCJQ,0.10618247145016929,0.8938175285498307,1
332,2485-ITVKB,0.2634434046214762,0.7365565953785241,1
333,0263-FJTQO,0.9606854015975557,0.03931459840244417,0
334,9337-SRRNI,0.9951485612643433,0.004851438735656697,0
335,5380-WJKOV,0.4338470178036353,0.5661529821963647,1
336,7359-PTSXY,0.3805702543547458,0.619429745645254,1
337,2696-ECXKC,0.815486702085103,0.18451329791489685,0
338,9451-WLYRI,0.9287022489333703,0.07129775106662979,0
339,4030-VPZBD,0.4833145124432087,0.5166854875567912,1
340,6856-RAURS,0.2167437250405949,0.783256274959405,1
341,5616-PRTNT,0.9435591397849463,0.05644086021505376,0
342,2523-EWWZL,0.5539955441655257,0.4460044558344744,0
343,7207-RMRDB,0.698113969534371,0.301886030465629,0
344,7495-OOKFY,0.36389156273009504,0.6361084372699047,1
345,5666-CYCYZ,0.4848656928073195,0.5151343071926806,1
346,0260-ZDLGK,0.7472846350659544,0.25271536493404545,0
347,5310-NOOVA,0.8301916553595657,0.16980834464043418,0
348,5546-QUERU,0.9967393009884791,0.0032606990115208157,0
349,0727-IWKVK,0.432129806486487,0.5678701935135129,1
350,8738-JOKAR,0.9092283304791796,0.09077166952082,0
351,5198-EFNBM,0.7933714688625771,0.20662853113742263,0
352,2946-KIQSP,0.8893595628319708,0.1106404371680292,0
353,4945-RVMTE,0.8426302884439582,0.15736971155604157,0
354,8208-EUMTE,0.9473260781097791,0.052673921890220694,0
355,1241-FPMOF,0.9818818700494119,0.018118129950588136,0
356,2607-FBDFF,0.5201406692217205,0.4798593307782796,0
357,4937-QPZPO,0.7583133671863329,0.241686632813667,0
358,0384-RVBPI,0.9042683716790922,0.09573162832090759,0
359,0536-ACXIP,0.9426099658936881,0.05739003410631203,0
360,4291-HPAXL,0.5226962429317814,0.47730375706821854,0
361,0356-OBMAC,0.8771267068315942,0.12287329316840591,0
362,2984-TBYKU,0.958723043087027,0.04127695691297269,0
363,3261-CQXOL,0.9992091431365359,0.0007908568634641241,0
364,1015-OWJKI,0.6350252924052631,0.36497470759473705,0
365,6741-QRLUP,0.9724214832710608,0.027578516728939295,0
366,3420-YJLQT,0.3492285592150771,0.6507714407849228,1
367,5214-NLTIT,0.915735445427813,0.08426455457218689,0
368,7560-QJAVJ,0.9817978706525585,0.01820212934744132,0
369,4361-FEBGN,0.9959529034335257,0.004047096566474254,0
370,2621-UDNLU,0.8672838342515832,0.132716165748417,0
371,8791-GFXLZ,0.7111247721246652,0.28887522787533454,0
372,0422-UXFAP,0.7589110063638984,0.24108899363610148,0
373,3030-YZADT,0.6981927169457943,0.3018072830542054,0
374,4468-KAZHE,0.7615730705784358,0.23842692942156396,0
375,2519-ERQOJ,0.6339806035874336,0.3660193964125665,0
376,3886-CERTZ,0.8067772573747211,0.19322274262527867,0
377,3685-YLCMQ,0.7340819401620662,0.265918059837934,0
378,2660-EMUBI,0.2241074651837815,0.7758925348162186,1
379,6963-EZQEE,0.951469573896081,0.04853042610391894,0
380,4277-BWBML,0.9930577424718983,0.006942257528101541,0
381,2984-MIIZL,0.3818445899448541,0.6181554100551458,1
382,7698-YFGEZ,0.5752713514983984,0.4247286485016016,0
383,8097-VBQTZ,0.9339234308145993,0.06607656918540085,0
384,9945-PSVIP,0.9756174795743204,0.024382520425679594,0
385,4727-MCYZG,0.3806731681516773,0.6193268318483227,1
386,7272-QDCKA,0.6804546119515112,0.3195453880484888,0
387,8755-OGKNA,0.9951926379247351,0.004807362075264888,0
388,3452-FLHYD,0.988877438382136,0.011122561617863916,0
389,7623-HKYRK,0.9362290570696898,0.06377094293030998,0
390,9362-MWODR,0.8703515403863207,0.12964845961367924,0
391,3190-XFANI,0.8108673965294164,0.18913260347058355,0
392,1757-TCATG,0.9890522060407243,0.010947793959275642,0
393,8327-WKMIE,0.999579478767997,0.000420521232002916,0
394,2506-TNFCO,0.09361896383752574,0.9063810361624739,1
395,7279-NMVJC,0.9777134502923975,0.022286549707602337,0
396,3115-CZMZD,0.8902832311518724,0.10971676884812771,0
397,2144-BFDSO,0.7434673480281045,0.2565326519718955,0
398,1670-SVOWZ,0.6225583022520655,0.3774416977479347,0
399,8272-ONJLV,0.5611652563350105,0.4388347436649896,0
400,4906-ZHGPK,0.9203362570464751,0.07966374295352444,0
401,6710-HSJRD,0.6753688633155673,0.324631136684433,0
402,2388-LAESQ,0.9875761975441119,0.012423802455888028,0
403,8161-QYMTT,0.19471776129405544,0.8052822387059447,1
404,9600-UDOPK,0.5564192599547628,0.4435807400452372,0
405,6689-VRRTK,0.7325125900991454,0.2674874099008546,0
406,0902-XKXPN,0.9930577424718983,0.006942257528101541,0
407,3672-YITQD,0.3992147031599114,0.6007852968400884,1
408,7950-XWOVN,0.7283672667383793,0.2716327332616203,0
409,9552-TGUZV,0.5124908362721999,0.48750916372780007,0
410,4482-FTFFX,0.5679639168621458,0.43203608313785424,0
411,1839-FBNFR,0.9976606874213257,0.002339312578674281,0
412,4576-CSAJH,0.8718746366764946,0.12812536332350533,0
413,1661-CZBAU,0.9622934981697572,0.03770650183024274,0
414,0587-DMGBH,0.6447558132720068,0.355244186727993,0
415,3415-TAILE,0.4694832635232318,0.5305167364767682,1
416,1428-IEDPR,0.8580033263579179,0.14199667364208213,0
417,9518-IMLHK,0.9129563037938027,0.08704369620619735,0
418,2739-CACDQ,0.5328219219549962,0.46717807804500383,0
419,3450-WXOAT,0.8420776652907285,0.1579223347092715,0
420,7860-UXCRM,0.9837960768655862,0.01620392313441358,0
421,8807-ARQET,0.661961772804696,0.33803822719530396,0
422,5863-OOKCL,0.8520172340624842,0.14798276593751586,0
423,3585-YNADK,0.9798389449932234,0.020161055006776733,0
424,0883-EIBTI,0.8705933272711183,0.12940667272888162,0
425,7089-IVVAZ,0.3833758546268662,0.6166241453731337,1
426,9445-ZUEQE,0.7775782204588175,0.22242177954118225,0
427,1862-QRWPE,0.9977023809523812,0.002297619047619048,0
428,6051-PTVNS,0.9799285714285715,0.02007142857142857,0
429,5150-LJNSR,0.8249021895559714,0.1750978104440285,0
430,3426-NIYYL,0.7342182884408451,0.26578171155915437,0
431,0431-APWVY,0.8443171605189977,0.1556828394810023,0
432,2525-GVKQU,0.9588894148796644,0.04111058512033576,0
433,5524-KHNJP,0.8753296838654334,0.12467031613456635,0
434,0480-KYJVA,0.9987820512820512,0.001217948717948718,0
435,9174-FKWZE,0.5391118506854614,0.4608881493145386,0
436,6400-BWQKW,0.4613152257956187,0.5386847742043812,1
437,3566-CAAYU,0.7857650765051417,0.21423492349485823,0
438,8149-AIQCG,0.6704364050514716,0.3295635949485284,0
439,8661-BOYNW,0.9816628595365612,0.018337140463438803,0
440,6082-OQFBA,0.996213118085127,0.0037868819148729315,0
441,3785-NRHYR,0.49548186040881426,0.5045181395911857,1
442,8990-YOZLV,0.9920426762802066,0.007957323719793529,0
443,4933-IKULF,0.9894802146210597,0.01051978537894031,0
444,5680-LQOGP,0.9817042820060005,0.018295717993999826,0
445,2108-XWMPY,0.48478726125302074,0.5152127387469793,1
446,9940-RHLFB,0.355261216637799,0.6447387833622007,1
447,4458-KVRBJ,0.9545307166237804,0.04546928337621953,0
448,2138-VFAPZ,0.9691839584956381,0.03081604150436196,0
449,4311-QTTAI,0.9141395154553048,0.08586048454469505,0
450,0361-HJRDX,0.9884959747913813,0.011504025208618813,0
451,5502-RLUYV,0.6444241264643241,0.35557587353567577,0
452,6362-QHAFM,0.6947739089104639,0.30522609108953597,0
453,0487-RPVUM,0.8696552629168761,0.1303447370831235,0
454,7716-YTYHG,0.8362702242517989,0.16372977574820102,0
455,7826-VVKWT,0.7050846085258482,0.29491539147415186,0
456,6357-JJPQT,0.23649043337324677,0.7635095666267532,1
457,5173-WXOQV,0.620283527085208,0.379716472914792,0
458,6766-HFKLA,0.9207129298478534,0.0792870701521465,0
459,0440-UEDAI,0.8662715838639699,0.13372841613602984,0
460,1785-BPHTP,0.4832559473595122,0.5167440526404878,1
461,0345-XMMUG,0.7605526824994229,0.23944731750057702,0
462,2716-GFZOR,0.806074000067505,0.193925999932495,0
463,7740-KKCXF,0.7423199758498618,0.2576800241501382,0
464,8404-GFGCZ,0.44069026633040825,0.5593097336695917,1
465,1208-NBVFH,0.6893523298794862,0.31064767012051353,0
466,1337-BOZWO,0.7824622627372626,0.21753773726273726,0
467,8071-SBTRN,0.8346086768117038,0.1653913231882961,0
468,5552-ZNFSJ,0.3805702543547458,0.619429745645254,1
469,5088-QZLRL,0.4909784548607238,0.5090215451392762,1
470,7074-IEVOJ,0.20202896615362065,0.7979710338463794,1
471,7590-VHVEG,0.33155928231903603,0.6684407176809641,1
472,3647-GMGDH,0.576858558501658,0.4231414414983419,0
473,2809-ZMYOQ,0.4411505443865669,0.5588494556134332,1
474,9763-GRSKD,0.8484781068348259,0.15152189316517378,0
475,9135-HSWOC,0.9952082653433508,0.0047917346566490335,0
476,3429-IFLEM,0.9826725853264844,0.01732741467351561,0
477,0064-YIJGF,0.6604397782055245,0.33956022179447537,0
478,9282-IZGQK,0.11751088567580192,0.8824891143241982,1
479,3946-JEWRQ,0.7593700419799717,0.24062995802002823,0
480,8087-LGYHQ,0.34653123451678547,0.6534687654832144,1
481,0023-XUOPT,0.42846433518926597,0.5715356648107339,1
482,8873-TMKGR,0.9963364923747277,0.0036635076252723307,0
483,2703-AMTUL,0.9655415815733458,0.03445841842665398,0
484,6674-KVJHG,0.9492857142857143,0.05071428571428571,0
485,5514-YQENT,0.7918045502144834,0.20819544978551668,0
486,7055-JCGNI,0.8976905600671884,0.10230943993281136,0
487,0513-RBGPE,0.9413930356706621,0.05860696432933781,0
488,4039-PIMHX,0.8581744221801799,0.14182557781982025,0
489,8677-HDZEE,0.8243571896334474,0.17564281036655255,0
490,4572-DVCGN,0.4598966268450747,0.5401033731549254,1
491,6734-CKRSM,0.9132167381317438,0.08678326186825604,0
492,6892-BOGQE,0.9997029702970298,0.000297029702970297,0
493,1450-SKCVI,0.687424931351407,0.3125750686485931,0
494,7520-HQWJU,0.8967835013631956,0.10321649863680403,0
495,8573-CGOCC,0.8120367327087858,0.18796326729121401,0
496,4854-CIDCF,0.3689857345372516,0.6310142654627484,1
497,5562-BETPV,0.8170879164172726,0.18291208358272734,0
498,5203-XEHAX,0.9399656991568783,0.06003430084312164,0
499,2903-YYTBW,0.4086569891350749,0.5913430108649251,1
500,8800-ZKRFW,0.4873012839425268,0.5126987160574732,1
501,4818-QIUFN,0.48991581869061535,0.5100841813093847,1
502,8807-OPMBM,0.9515435105018439,0.04845648949815617,0
503,3244-DCJWY,0.2236062564627338,0.7763937435372661,1
504,3571-DPYUH,0.9422059473642487,0.05779405263575106,0
505,9040-KZVWO,0.8870327416553317,0.11296725834466795,0
506,4813-HQMGZ,0.3504817545074411,0.6495182454925588,1
507,2862-PFNIK,0.3054727579838694,0.6945272420161305,1
508,6210-KBBPI,0.26514648819328257,0.7348535118067173,1
509,6646-JPPHA,0.7195161302213995,0.28048386977860057,0
510,8535-SFUTN,0.7802349642134458,0.21976503578655407,0
511,0815-MFZGM,0.8693408780446414,0.13065912195535884,0
512,0565-JUPYD,0.897466115083119,0.10253388491688083,0
513,1000-AJSLD,0.5731514994202889,0.4268485005797112,0
514,2190-PHBHR,0.8838148236564942,0.1161851763435055,0
515,7691-XVTZH,0.9536879458043177,0.04631205419568225,0
516,9987-LUTYD,0.9508512194349543,0.049148780565045555,0
517,6112-KTHFQ,0.8719663919614794,0.1280336080385208,0
518,5908-QMGOE,0.5707516615533897,0.42924833844661014,0
519,9391-YZEJW,0.8778719913294158,0.12212800867058407,0
520,6464-KEXXH,0.6468139670436847,0.3531860329563152,0
521,5469-CTCWN,0.8265673057964669,0.173432694203533,0
522,2137-DQMEV,0.9727167308927058,0.027283269107294124,0
523,7133-VBDCG,0.7557569477713315,0.24424305222866802,0
524,1338-CECEE,0.9337998338420601,0.06620016615793978,0
525,3847-BAERP,0.9626443058132955,0.03735569418670457,0
526,3707-GNWHM,0.08439207595812627,0.9156079240418739,1
527,5854-KSRBJ,0.9975188947897835,0.002481105210216292,0
528,1658-XUHBX,0.673039824370602,0.32696017562939794,0
529,1245-HARPS,0.9980503678551217,0.001949632144878325,0
530,1400-MMYXY,0.17454945895859672,0.8254505410414033,1
531,6633-MPWBS,0.6452225178552135,0.3547774821447864,0
532,6960-HVYXR,0.21105178076880196,0.7889482192311984,1
533,2694-CIUMO,0.5413518183999181,0.45864818160008197,0
534,2746-DIJLO,0.9367646907293957,0.06323530927060435,0
535,8111-SLLHI,0.3853576913976102,0.6146423086023899,1
536,0139-IVFJG,0.5958425597884226,0.4041574402115774,0
537,5327-CNLUQ,0.9204606888477549,0.0795393111522453,0
538,8008-ESFLK,0.804089638524962,0.1959103614750379,0
539,7601-WFVZV,0.5391501775973052,0.4608498224026949,0
540,3590-TCXTB,0.8195581202447668,0.1804418797552332,0
541,0722-SVSFK,0.38963048353923535,0.6103695164607646,1
542,2890-WFBHU,0.9158307975367157,0.08416920246328427,0
543,0366-NQSHS,0.8664654637182424,0.13353453628175746,0
544,6281-FKEWS,0.8432553742590883,0.15674462574091177,0
545,5651-YLPRD,0.5671186378091558,0.4328813621908443,0
546,9033-EOXWV,0.7847046076855804,0.21529539231441963,0
547,5832-TRLPB,0.8560424325727359,0.1439575674272638,0
548,1297-VQDRP,0.6415218165921082,0.35847818340789184,0
549,4086-WITJG,0.9985404377139132,0.0014595622860866934,0
550,5850-BDWCY,0.9129143372036329,0.08708566279636692,0
551,4795-WRNVT,0.9117396533633549,0.08826034663664518,0
552,7191-ADRGF,0.8646754104567885,0.13532458954321155,0
553,2097-YVPKN,0.9974228734865256,0.002577126513474437,0
554,9506-UXUSK,0.5032780985748162,0.4967219014251837,0
555,3404-JNXAX,0.6879624046323302,0.3120375953676701,0
556,2516-XSJKX,0.8779108245296723,0.12208917547032774,0
557,1918-ZBFQJ,0.5297044097782463,0.4702955902217536,0
558,2673-CXQEU,0.5959711847601191,0.404028815239881,0
559,9603-OAIHC,0.12260230295877049,0.8773976970412292,1
560,8062-YBDOE,0.0888221361728069,0.9111778638271929,1
561,8292-ITGYJ,0.9964827713376032,0.003517228662396899,0
562,8763-KIAFH,0.9753577661694457,0.024642233830554288,0
563,7030-NJVDP,0.7322932914706131,0.26770670852938677,0
564,2674-MIAHT,0.30552426443444314,0.6944757355655571,1
565,2904-GGUAZ,0.952667523080045,0.04733247691995482,0
566,0376-YMCJC,0.5246724743409252,0.4753275256590746,0
567,1699-TLDLZ,0.9979755511717536,0.0020244488282462965,0
568,2674-MLXMN,0.6079280401922481,0.3920719598077519,0
569,2819-GWENI,0.9976572909295806,0.002342709070419582,0
570,0519-DRGTI,0.9753788405092882,0.024621159490711815,0
571,1383-EZRWL,0.898144714645149,0.10185528535485068,0
572,4774-HHGGS,0.976847619047619,0.023152380952380956,0
573,5980-NOPLP,0.4641691336334488,0.5358308663665512,1
574,5158-RIVOP,0.9678547850556316,0.03214521494436845,0
575,5364-EVNIB,0.5421215546280795,0.4578784453719206,0
576,2642-DTVCO,0.25511961028625446,0.7448803897137456,1
577,1333-PBMXB,0.9802249751214734,0.019775024878526448,0
578,0018-NYROU,0.49776998304826925,0.5022300169517306,1
579,4184-VODJZ,0.7929256037934713,0.2070743962065287,0
580,6867-ACCZI,0.9649507859684366,0.0350492140315632,0
581,0376-OIWME,0.6936003232117975,0.3063996767882027,0
582,1767-CJKBA,0.9974228734865256,0.002577126513474437,0
583,4376-KFVRS,0.9752025682636944,0.02479743173630549,0
584,2303-PJYHN,0.8572334197410183,0.14276658025898176,0
585,2122-SZZZD,0.9958101510369046,0.004189848963095353,0
586,1100-DDVRV,0.591734678886122,0.4082653211138779,0
587,5546-BYZSM,0.951989085159828,0.04801091484017192,0
588,0020-INWCK,0.9213058772096409,0.07869412279035902,0
589,2824-MYYBN,0.46514048636243216,0.5348595136375678,1
590,1897-RCFUM,0.9928398639494003,0.007160136050599638,0
591,3727-JEZTU,0.49392707120958285,0.5060729287904171,1
592,8815-LMFLX,0.9835094360317512,0.016490563968248714,0
593,3665-JATSN,0.5107476541662916,0.48925234583370836,0
594,4538-WNTMJ,0.9951040691981287,0.004895930801871396,0
595,2761-XECQW,0.5605374317003675,0.43946256829963254,0
596,3223-DWFIO,0.4325997765646898,0.5674002234353102,1
597,8184-WMOFI,0.9101344643469137,0.08986553565308648,0
598,5231-FIQPA,0.9978534850565302,0.0021465149434698777,0
599,5027-QPKTE,0.4709850939902309,0.529014906009769,1
600,8727-XDPUD,0.9500021444754887,0.0499978555245113,0
601,1131-SUEKT,0.9180383762042378,0.08196162379576197,0
602,3758-CKOQL,0.8736631330107205,0.1263368669892789,0
603,6166-YIPFO,0.818750718050923,0.18124928194907702,0
604,3097-NQYSN,0.15975903872638977,0.84024096127361,1
605,7803-XOCCZ,0.8927312059165086,0.10726879408349124,0
606,5495-GPSRW,0.9977184099134753,0.0022815900865246473,0
607,9776-CLUJA,0.6206078629870521,0.379392137012948,0
608,7083-YNSKY,0.8903812099552465,0.10961879004475353,0
609,1455-HFBXA,0.9604261344947704,0.039573865505229684,0
610,2632-UCGVD,0.7278860577306686,0.27211394226933144,0
611,3327-YBAKM,0.9066368033396854,0.09336319666031442,0
612,9964-WBQDJ,0.9982389140271494,0.0017610859728506786,0
613,1163-VIPRI,0.8246922314792954,0.1753077685207048,0
614,0098-BOWSO,0.9380226372382569,0.06197736276174307,0
615,4749-VFKVB,0.4072817385508607,0.5927182614491393,1
616,1091-SOZGA,0.8728675436442487,0.1271324563557511,0
617,0067-DKWBL,0.3827320514716369,0.6172679485283631,1
618,9625-QSTYE,0.5127389004667158,0.4872610995332844,0
619,7336-RLLRH,0.8878049517030121,0.11219504829698793,0
620,6586-PSJOX,0.8448479036349851,0.15515209636501517,0
621,3316-UWXUY,0.7960697571145751,0.20393024288542513,0
622,3948-XHGNA,0.7901805284419717,0.20981947155802794,0
623,6496-JDSSB,0.32844795206745786,0.6715520479325421,1
624,3768-VHXQO,0.9674951062150032,0.03250489378499685,0
625,7711-GQBZC,0.9979911944185872,0.002008805581412842,0
626,1016-DJTSV,0.48668034566293705,0.513319654337063,1
627,7515-LODFU,0.9941085008212126,0.005891499178787314,0
628,9837-FWLCH,0.8986613756613757,0.10133862433862434,0
629,2722-JMONI,0.37893139648547874,0.6210686035145211,1
630,1241-EZFMJ,0.9962070726207247,0.0037929273792753028,0
631,8878-RYUKI,0.7988457152439523,0.20115428475604763,0
632,2541-YGPKE,0.8690702016344831,0.13092979836551685,0
633,6032-KRXXO,0.559890072165669,0.4401099278343309,0
634,0650-BWOZN,0.5470890618742719,0.45291093812572814,0
635,3719-TDVQB,0.9878399281152723,0.012160071884727706,0
636,2480-EJWYP,0.6874347677204125,0.3125652322795875,0
637,2135-DQWAQ,0.393637296146019,0.606362703853981,1
638,7240-ETPTR,0.3243762643118751,0.6756237356881247,1
639,2979-SXESE,0.5660741705404925,0.4339258294595076,0
640,3736-BLEPA,0.8347724544074159,0.16522754559258368,0
641,9531-NSBMR,0.9977323628219484,0.0022676371780515118,0
642,0289-IVARM,0.8913553864797698,0.10864461352023047,0
643,8443-ZRDBZ,0.2940623719884457,0.7059376280115544,1
644,7156-MHUGY,0.45941507263388887,0.5405849273661111,1
645,9540-JYROE,0.569535939824851,0.4304640601751491,0
646,5244-IRFIH,0.4122947626519375,0.5877052373480626,1
647,5175-WLYXL,0.6374968394254835,0.3625031605745165,0
648,9488-HGMJH,0.21145518816711106,0.7885448118328888,1
649,1373-ORVIZ,0.6520678786635047,0.3479321213364953,0
650,1335-MXCSE,0.9290969442758731,0.07090305572412695,0
651,5572-ZDXHY,0.6532785942298301,0.3467214057701698,0
652,4946-EDSEW,0.8409065551783279,0.15909344482167223,0
653,0257-ZESQC,0.6951601734396625,0.30483982656033765,0
654,6925-BAYGL,0.9349728395061727,0.06502716049382715,0
655,2851-STERV,0.7846724710741547,0.21532752892584497,0
656,0750-EBAIU,0.8952725421016154,0.10472745789838435,0
657,4423-YLHDV,0.5517600519642175,0.44823994803578254,0
658,6959-UWKHF,0.4124229855495409,0.587577014450459,1
659,6877-LGWXO,0.6177646522943446,0.3822353477056555,0
660,1752-OZXFY,0.9614176810534845,0.03858231894651512,0
661,4701-LKOZD,0.9671472654547363,0.03285273454526372,0
662,6437-UKHMV,0.3534766763109138,0.6465233236890859,1
663,6728-DKUCO,0.9255316461040703,0.07446835389592944,0
664,8267-KFGYD,0.8352931445267286,0.16470685547327132,0
665,8260-NGFNY,0.6373334634716454,0.3626665365283545,0
666,5981-ZVXOT,0.5787337729531292,0.42126622704687067,0
667,3030-YDNRM,0.37907941071292456,0.6209205892870754,1
668,9909-IDLEK,0.7783101109104861,0.22168988908951384,0
669,7410-OIEDU,0.5806031899814295,0.4193968100185706,0
670,2077-DDHJK,0.9494871870022525,0.0505128129977473,0
671,7159-NOKYQ,0.8601337734915444,0.13986622650845554,0
672,7703-ZEKEF,0.42554997639119024,0.5744500236088096,1
673,1060-ENTOF,0.8366340833022572,0.16336591669774245,0
674,4957-TREIR,0.635344463185504,0.364655536814496,0
675,5685-IIXLY,0.3120717760252457,0.6879282239747542,1
676,0491-KAPQG,0.5155778944304324,0.48442210556956744,0
677,1074-AMIOH,0.8038212506285467,0.196178749371453,0
678,3639-XJHKQ,0.753152368185227,0.2468476318147729,0
679,7665-VIGUD,0.9923195115258285,0.0076804884741716204,0
680,0484-JPBRU,0.9283647294570977,0.07163527054290234,0
681,5882-CMAZQ,0.623370487344681,0.3766295126553191,0
682,6976-BWGLQ,0.9992091431365359,0.0007908568634641241,0
683,0943-ZQPXH,0.6634820490713416,0.3365179509286583,0
684,2361-FJWNO,0.9506896470112595,0.04931035298874069,0
685,5949-XIKAE,0.39020118599839604,0.6097988140016037,1
686,9696-RMYBA,0.3267567856954338,0.6732432143045662,1
687,9822-BIIGN,0.7794753025980454,0.22052469740195468,0
688,2637-FKFSY,0.522198758198605,0.4778012418013948,0
689,4425-OWHWB,0.9887134502923977,0.01128654970760234,0
690,4550-VBOFE,0.5817082178992592,0.4182917821007408,0
691,0174-QRVVY,0.9987331658720643,0.0012668341279356498,0
692,4822-NGOCH,0.41674585046412743,0.5832541495358724,1
693,9281-OFDMF,0.6577079272239114,0.34229207277608853,0
694,4223-BKEOR,0.9153220114078287,0.08467798859217156,0
695,2428-ZMCTB,0.8863651992007681,0.11363480079923177,0
696,2359-KMGLI,0.414658484115183,0.5853415158848169,1
697,4544-RXFMG,0.6654883148112307,0.33451168518876934,0
698,2672-HUYVI,0.310254187876926,0.6897458121230738,1
699,6114-TCFID,0.9850036020022429,0.01499639799775712,0
700,1291-CUOCY,0.892266311286264,0.10773368871373583,0
701,4676-MQUEA,0.8751737041473188,0.12482629585268112,0
702,1254-IZEYF,0.3917728576043961,0.6082271423956039,1
703,3402-XRIUO,0.8309873675530222,0.16901263244697767,0
704,6845-RGTYS,0.5744635222268728,0.42553647777312714,0
705,4712-UYOOI,0.9877132224500644,0.012286777549935443,0
706,3798-EPWRR,0.3908194040273264,0.6091805959726735,1
707,9237-HQITU,0.3434538474933067,0.6565461525066928,1
708,8659-IOOPU,0.8966205723249895,0.10337942767501045,0
709,6689-KXGBO,0.5629592991577214,0.4370407008422786,0
710,9249-FXSCK,0.8880208221505741,0.11197917784942564,0
711,4837-PZTIC,0.9760850590177982,0.02391494098220166,0
712,1215-EXRMO,0.995460803866426,0.004539196133573822,0
713,0384-LPITE,0.8533600932794333,0.14663990672056681,0
714,1015-JPFYW,0.9679066719128372,0.03209332808716284,0
715,2662-NNTDK,0.9792166860150143,0.020783313984985684,0
716,3091-FYHKI,0.20745374130665012,0.79254625869335,1
717,0956-ACVZC,0.9028879214017286,0.09711207859827158,0
718,5859-HZYLF,0.9989990075399469,0.0010009924600530864,0
719,4895-TMWIR,0.8470354230066657,0.15296457699333416,0
720,5696-QURRL,0.46972430549469285,0.530275694505307,1
721,8246-SHFGA,0.9124792219274976,0.08752077807250222,0
722,9916-AYHTC,0.98779532767595,0.01220467232405001,0
723,4695-WJZUE,0.09939705677653583,0.9006029432234639,1
724,8849-PRIQJ,0.7942109646163044,0.20578903538369545,0
725,8024-XNAFQ,0.9739602323968874,0.026039767603112537,0
726,3806-DXQOM,0.40508443833326147,0.5949155616667386,1
727,6507-DTJZV,0.7809436735004762,0.21905632649952383,0
728,1761-AEZZR,0.09063014123559855,0.9093698587644012,1
729,5120-ZBLAI,0.9443924322854348,0.05560756771456516,0
730,1506-YJTYT,0.9558774098831521,0.04412259011684799,0
731,8908-NMQTX,0.9942439909816959,0.0057560090183041,0
732,8069-YQQAJ,0.6600177907746919,0.33998220922530753,0
733,7577-SWIFR,0.11962448462171324,0.8803755153782867,1
734,2805-AUFQN,0.9987134502923977,0.001286549707602339,0
735,5931-FLJJF,0.4611011667002171,0.5388988332997829,1
736,1353-GHZOS,0.870927553247611,0.12907244675238885,0
737,4090-KPJIP,0.24102351994603577,0.758976480053964,1
738,4919-MOAVT,0.4330406262467877,0.566959373753212,1
739,8466-PZBLH,0.7915954015859971,0.20840459841400252,0
740,9512-UIBFX,0.6119796519775696,0.38802034802243024,0
741,3831-YCPUO,0.9721878263017679,0.027812173698231996,0
742,2632-IVXVF,0.8499974897521615,0.15000251024783842,0
743,0003-MKNFE,0.7257339092559509,0.2742660907440487,0
744,8620-RJPZN,0.6407425422990798,0.35925745770092044,0
745,4139-DETXS,0.997757777457893,0.0022422225421069404,0
746,1370-GGAWX,0.7923100879065563,0.2076899120934438,0
747,6145-NNPNO,0.42761192566862477,0.5723880743313753,1
748,9699-UBQFS,0.5908321542759235,0.40916784572407644,0
749,4767-HZZHQ,0.710814581266177,0.28918541873382264,0
750,9415-DPEWS,0.5026456459468057,0.4973543540531943,0
751,0562-FGDCR,0.9958650313913521,0.004134968608647833,0
752,9621-OUPYD,0.9973633152029009,0.002636684797099131,0
753,5242-UOWHD,0.9780892746646337,0.02191072533536618,0
754,8060-HIWJJ,0.9798496161890747,0.020150383810925182,0
755,6152-ONASV,0.9869817261547064,0.013018273845293709,0
756,4322-RCYMT,0.9426561429621956,0.0573438570378043,0
757,2916-BQZLN,0.49417880701666256,0.5058211929833374,1
758,0128-MKWSG,0.7651222803386452,0.23487771966135468,0
759,7434-SHXLS,0.5870709818382456,0.41292901816175454,0
760,7605-BDWDC,0.9814845898855548,0.01851541011444516,0
761,8544-GOQSH,0.5128641526326739,0.4871358473673261,0
762,0680-DFNNY,0.34123909945283804,0.658760900547162,1
763,2782-LFZVW,0.6867089436153642,0.3132910563846355,0
764,1676-MQAOA,0.9833198083344411,0.016680191665559115,0
765,2243-FNMMI,0.9666833109034404,0.033316689096559604,0
766,5260-UMPWX,0.9278375591615956,0.07216244083840433,0
767,7113-HIPFI,0.9811111093285119,0.01888889067148791,0
768,0056-EPFBG,0.9589483361312306,0.041051663868769135,0
769,5295-PCJOO,0.46214555966977655,0.5378544403302236,1
770,6595-YGXIT,0.40451423694785943,0.5954857630521405,1
771,8515-OCTJS,0.9882196231319038,0.011780376868096167,0
772,9348-ROUAI,0.9652589767060523,0.03474102329394764,0
773,0956-SYCWG,0.9370927318295739,0.06290726817042606,0
774,3393-FMZPV,0.3989977175530994,0.6010022824469007,1
775,8065-BVEPF,0.6689997374134355,0.3310002625865643,0
776,5961-VUSRV,0.8671415443779893,0.13285845562201087,0
777,3132-TVFDZ,0.7369820526481417,0.26301794735185813,0
778,2384-OVPSA,1.0,0.0,0
779,9777-WJJPR,0.7033581608033566,0.29664183919664344,0
780,8835-VSDSE,0.3974406091262376,0.6025593908737622,1
781,5115-GZDEL,0.9843675083067543,0.015632491693245657,0
782,8417-GSODA,0.767876788340608,0.232123211659392,0
783,0866-QLSIR,0.9524307412143928,0.04756925878560734,0
784,6851-WEFYX,0.39789127741914554,0.6021087225808545,1
785,4759-PXTAN,0.9560031337388152,0.043996866261184736,0
786,7625-XCQRH,0.42991176033395173,0.5700882396660483,1
787,4597-NUCQV,0.3383282853696384,0.6616717146303617,1
788,5968-XQIVE,0.7959858734381088,0.20401412656189113,0
789,1658-TJVOA,0.5391050926633619,0.4608949073366382,0
790,2378-HTWFW,0.6925742414168031,0.30742575858319693,0
791,5828-AVIPD,0.6402130413955309,0.3597869586044689,0
792,5126-RCXYW,0.9507132111348919,0.049286788865107976,0
793,1342-JPNKI,0.3116387049068996,0.6883612950931004,1
794,3352-RICWQ,0.9449446118954584,0.05505538810454161,0
795,7240-FQLHE,0.6084149917886379,0.391585008211362,0
796,4729-XKASR,0.3534975866951771,0.6465024133048228,1
797,9518-RWHZL,0.871241213100877,0.12875878689912285,0
798,5837-LXSDN,0.8767899365438311,0.1232100634561686,0
799,3082-WQRVY,0.9768095238095239,0.02319047619047619,0
800,8212-CRQXP,0.6597842839343478,0.340215716065652,0
801,6341-JVQGF,0.8716649751185878,0.12833502488141205,0
802,9504-DSHWM,0.8383302331970903,0.16166976680290968,0
803,9565-FLVCG,0.9309700587093677,0.06902994129063213,0
804,0074-HDKDG,0.9290424849957573,0.0709575150042424,0
805,0489-WMEMG,0.8404467321955295,0.1595532678044706,0
806,0547-HURJB,0.8626083046398543,0.13739169536014584,0
807,7929-SKFGK,0.8675862980381585,0.13241370196184116,0
808,8019-ENHXU,0.6162783863787911,0.3837216136212093,0
809,6961-VCPMC,0.661216702753328,0.3387832972466722,0
810,7018-WBJNK,0.4782616649299202,0.5217383350700797,1
811,0829-XXPLX,0.6772147014016744,0.3227852985983254,0
812,6654-QGBZZ,0.7542561433553818,0.24574385664461865,0
813,7634-WSWDB,0.4774579403453507,0.5225420596546492,1
814,5119-NZPTV,0.36425504875971887,0.6357449512402811,1
815,6563-VNPMN,0.6746400661712154,0.32535993382878464,0
816,4619-EVPHY,0.6966240837477982,0.3033759162522016,0
817,7197-VOJMM,0.978640012549927,0.021359987450073045,0
818,2560-WBWXF,0.9887394012341035,0.01126059876589646,0
819,8336-TAVKX,0.9683363418829538,0.031663658117046245,0
820,7636-OWBPG,0.6570330085907357,0.3429669914092643,0
821,1020-JPQOW,0.821162114339354,0.17883788566064618,0
822,0682-USIXD,0.7097306632841278,0.29026933671587174,0
823,6348-SNFUS,0.9925191865463652,0.007480813453634852,0
824,0345-HKJVM,0.3761393407201726,0.6238606592798273,1
825,5985-BEHZK,0.8371146046103272,0.16288539538967253,0
826,2129-ALKBS,0.9533092731829573,0.04669072681704261,0
827,8944-AILEF,0.932129190515372,0.06787080948462805,0
828,1345-ZUKID,0.9541019010054795,0.04589809899452048,0
829,8608-OZTLB,0.9353183513895766,0.06468164861042372,0
830,5668-MEISB,0.9632829540624267,0.03671704593757304,0
831,3272-VUHPV,0.7153046084121444,0.2846953915878558,0
832,1320-REHCS,0.5906031638003237,0.4093968361996763,0
833,2091-GPPIQ,0.9707266227130357,0.02927337728696424,0
834,9039-ZVJDC,0.7578456259795083,0.24215437402049134,0
835,2215-ZAFGX,0.3184680495821931,0.681531950417807,1
836,8465-SBRXP,0.8229693476957125,0.1770306523042875,0
837,8387-UGUSU,0.9503589903789117,0.04964100962108826,0
838,7534-BFESC,0.37793300298564453,0.6220669970143556,1
839,0420-TXVSG,0.9785475888486401,0.0214524111513599,0
840,5281-BUZGT,0.5922948878662561,0.4077051121337439,0
841,5032-USPKF,0.8403887116435534,0.15961128835644656,0
842,7504-UWHNB,0.6835242465433814,0.31647575345661844,0
843,0867-LDTTC,0.5598211985347248,0.4401788014652754,0
844,9479-HYNYL,0.9715698713571135,0.028430128642886562,0
845,8816-VXNZD,0.1944886319067899,0.8055113680932101,1
846,8499-BRXTD,0.9981781874039939,0.0018218125960061443,0
847,5644-PDMZC,0.3259599653865813,0.6740400346134188,1
848,3486-NPGST,0.9918323977364224,0.008167602263577496,0
849,4273-MBHYA,0.13851378792641886,0.8614862120735809,1
850,5702-SKUOB,0.8302910654284955,0.16970893457150432,0
851,6439-GTPCA,0.6812221062496245,0.31877789375037535,0
852,7895-VONWT,0.6262210721029053,0.37377892789709466,0
853,1396-QWFBJ,0.6555862514737794,0.34441374852622064,0
854,5533-RJFTJ,0.7650048754023066,0.23499512459769323,0
855,1131-QQZEB,0.9989530976037406,0.0010469023962594972,0
856,9570-KYEUA,0.8599995416401875,0.14000045835981206,0
857,9780-FKVVF,0.780181868296724,0.21981813170327627,0
858,5651-CPDND,0.7169661910678589,0.2830338089321407,0
859,1309-BXVOQ,0.43566881644886235,0.5643311835511375,1
860,2277-BKJKN,0.9084136766136879,0.09158632338631215,0
861,4343-EJVQB,0.5259709439113212,0.47402905608867885,0
862,7627-JKIAZ,0.6728756602217768,0.3271243397782235,0
863,9385-EHGDO,0.9238453341570136,0.07615466584298632,0
864,0691-NIKRI,0.7779908906883736,0.22200910931162607,0
865,6620-JDYNW,0.7915786547722609,0.20842134522773897,0
866,5324-KTGCG,0.9252916666666665,0.07470833333333333,0
867,4396-KLSEH,0.8942499260548921,0.1057500739451079,0
868,9150-KPBJQ,0.8879743343573989,0.11202566564260115,0
869,5383-MMTWC,0.24873388156457232,0.7512661184354278,1
870,6551-VLJMV,0.987600362244079,0.012399637755920855,0
871,4566-GOLUK,0.6232510183957082,0.37674898160429193,0
872,4603-JANFB,0.14277108520687679,0.8572289147931228,1
873,5249-QYHEX,0.9521024008120713,0.04789759918792871,0
874,9050-IKDZA,0.1588385154744055,0.8411614845255945,1
875,4123-FCVCB,0.7337995358089715,0.2662004641910285,0
876,4290-BSXUX,0.25328229018645776,0.7467177098135421,1
877,5650-YLIBA,0.4356594016843456,0.5643405983156543,1
878,5687-DKDTV,0.917861908799619,0.08213809120038076,0
879,5640-CAXOA,0.9387274378091236,0.061272562190876394,0
880,6616-AALSR,0.8444443018363006,0.15555569816369944,0
881,1240-KNSEZ,0.5731514994202889,0.4268485005797112,0
882,4547-KQRTM,0.41064618313123946,0.5893538168687605,1
883,0769-MURVM,0.997757777457893,0.0022422225421069404,0
884,5574-NXZIU,0.8615940500446778,0.13840594995532196,0
885,5923-GXUOC,0.422220735243579,0.5777792647564209,1
886,3317-HRTNN,0.398126513110285,0.6018734868897149,1
887,9061-TIHDA,0.25451539687131325,0.7454846031286868,1
888,3070-DVEYC,0.49427099082668763,0.5057290091733124,1
889,9617-INGJY,0.1156543452853586,0.8843456547146412,1
890,6646-VRFOL,0.3697081402051996,0.6302918597948005,1
891,7054-ENNGU,0.7763918509494033,0.22360814905059648,0
892,6823-SIDFQ,0.990814005602241,0.009185994397759105,0
893,5673-FSSMF,0.28433707138064757,0.7156629286193527,1
894,0947-MUGVO,0.4762032182934772,0.5237967817065228,1
895,1875-QIVME,0.23461340907158243,0.7653865909284177,1
896,7853-OETYL,0.4739421067594389,0.5260578932405611,1
897,4195-NZGTA,0.3352748912843531,0.6647251087156468,1
898,4446-BZKHU,0.6032938002401269,0.3967061997598731,0
899,1894-IGFSG,0.5873178943769062,0.4126821056230938,0
900,6551-ZCOTS,0.9987650544302054,0.0012349455697946812,0
901,6980-IMXXE,0.997919863597613,0.002080136402387042,0
902,1508-DFXCU,0.3781569931708507,0.6218430068291494,1
903,5639-NTUPK,0.821349980804341,0.17865001919565884,0
904,1810-BOHSY,0.8492493275273388,0.15075067247266116,0
905,8650-RHRKE,0.38634442087209797,0.6136555791279019,1
906,7065-YUNRY,0.4271547821992972,0.5728452178007029,1
907,7729-XBTWX,0.9945508579359434,0.00544914206405644,0
908,5811-IWXYM,0.8753886494948749,0.12461135050512535,0
909,3062-ICYZQ,0.6614582851866774,0.33854171481332257,0
910,0298-XACET,0.9663198673067093,0.033680132693290586,0
911,2302-ANTDP,0.7758394692972259,0.22416053070277425,0
912,4811-JBUVU,0.7391254459602531,0.2608745540397468,0
913,7734-DBOAI,0.4919107020763379,0.5080892979236621,1
914,8966-KZXXA,0.9743560204718024,0.02564397952819749,0
915,0320-DWVTU,0.944348079863921,0.055651920136079155,0
916,1218-VKFPE,0.9496185980065962,0.050381401993403824,0
917,8510-TMWYB,0.9647027881991947,0.03529721180080515,0
918,4143-OOBWZ,0.23872735552114846,0.7612726444788517,1
919,5285-MVEHD,0.8234762521847321,0.17652374781526795,0
920,9800-OUIGR,0.9989190091424847,0.001080990857515265,0
921,7294-TMAOP,0.07016092991992981,0.9298390700800704,1
922,0011-IGKFF,0.35347041114379985,0.6465295888562003,1
923,3329-WDIOK,0.44421873756879293,0.5557812624312072,1
924,1379-FRVEB,0.4098969070351201,0.5901030929648801,1
925,1872-EBWSC,0.9992018507807982,0.0007981492192018507,0
926,2034-CGRHZ,0.4640770699588853,0.5359229300411147,1
927,3727-OWVYD,0.9656181406840766,0.03438185931592323,0
928,8710-YGLWG,0.47955336343365795,0.520446636566342,1
929,0620-DLSLK,0.42936619651057184,0.5706338034894283,1
930,8868-GAGIO,0.7791253066783103,0.2208746933216899,0
931,9967-ATRFS,0.9716367982687261,0.028363201731273775,0
932,4706-DGAHW,0.30237667392395623,0.6976233260760439,1
933,4615-PIVVU,0.8464143350910388,0.15358566490896142,0
934,7503-QQRVF,0.48904492668162247,0.5109550733183775,1
935,5461-QKNTN,0.6584820779463862,0.3415179220536138,0
936,0390-DCFDQ,0.12767045846137196,0.872329541538628,1
937,1930-QPBVZ,0.9297467594561957,0.07025324054380407,0
938,9391-DXGGG,0.7429060502562428,0.2570939497437572,0
939,6300-BWMJX,0.6875841995602283,0.3124158004397717,0
940,8809-RIHDD,0.8870566899094279,0.11294331009057201,0
941,7814-LEEVE,0.5152184240283448,0.484781575971655,0
942,0841-NULXI,0.20745374130665012,0.79254625869335,1
943,7853-WNZSY,0.7286735189265076,0.2713264810734924,0
944,4423-JWZJN,0.9113595039018253,0.0886404960981743,0
945,1271-UODNO,0.911295713061497,0.08870428693850316,0
946,0103-CSITQ,0.8711487462868024,0.1288512537131974,0
947,6963-KQYQB,0.996515324609384,0.0034846753906159844,0
948,3374-PZLXD,0.936028849623979,0.06397115037602089,0
949,5917-HBSDW,0.8808333333333332,0.11916666666666666,0
950,5673-TIYIB,0.5509780060092447,0.44902199399075515,0
951,1685-BQULA,0.6319203957001015,0.3680796042998984,0
952,1525-LNLOJ,0.9474361599251221,0.05256384007487794,0
953,0230-UBYPQ,0.8790648618543356,0.12093513814566446,0
954,7459-RRWQZ,0.754260112778409,0.24573988722159087,0
955,8873-GLDMH,0.44863513625713947,0.5513648637428605,1
956,3045-XETSH,0.384590770195951,0.6154092298040489,1
957,6712-OAWRH,0.5413792552071204,0.45862074479287956,0
958,0524-IAVZO,0.4064816061465347,0.5935183938534653,1
959,9367-TCUYN,0.9385745600792441,0.06142543992075583,0
960,8748-HFWBO,0.9996393085613176,0.00036069143868245544,0
961,1360-RCYRT,0.8317831362289361,0.16821686377106343,0
962,7270-BDIOA,0.5089846331681593,0.4910153668318406,0
963,5966-EMAZU,0.8110126030296972,0.18898739697030262,0
964,8685-WHQPW,0.6211083836563479,0.37889161634365215,0
965,1550-EENBN,0.6039839681977397,0.3960160318022602,0
966,0843-WTBXE,0.6905721238844258,0.3094278761155741,0
967,9050-QLROH,0.5884538128862434,0.4115461871137566,0
968,4785-FCIFB,0.9940058549124143,0.005994145087585682,0
969,3106-ULWFW,0.334442284042501,0.665557715957499,1
970,5913-INRQV,0.806076388888889,0.19392361111111114,0
971,5243-SAOTC,0.6955915874146208,0.3044084125853793,0
972,8573-JGCZW,0.9755632374996823,0.024436762500317753,0
973,7252-NTGSS,0.40284479276479535,0.5971552072352047,1
974,4952-YSOGZ,0.2021754837290441,0.797824516270956,1
975,0709-TVGUR,0.4403059110625386,0.5596940889374614,1
976,5605-IYGFG,0.5366987352254167,0.4633012647745833,0
977,2274-XUATA,0.9484621212121211,0.051537878787878785,0
978,1116-FRYVH,0.9878239941891366,0.012176005810863422,0
979,0402-OAMEN,0.998485021579081,0.0015149784209190149,0
980,1702-CCFNJ,0.8573212143797843,0.14267878562021563,0
981,7321-KKSDU,0.9984461951808514,0.0015538048191485459,0
982,4686-UXDML,0.5537774510050668,0.4462225489949331,0
983,1086-LXKFY,0.166203885262796,0.8337961147372038,1
984,8896-RAZCR,0.9997727272727271,0.00022727272727272727,0
985,6484-LATFU,0.9974228734865256,0.002577126513474437,0
986,3572-UUHRS,0.9853769371778843,0.014623062822115663,0
987,0637-YLETY,0.5555807371359741,0.4444192628640258,0
988,9544-PYPSJ,0.6935361881732098,0.30646381182679006,0
989,7601-GNDYK,0.9982289994136556,0.0017710005863443132,0
990,7825-ECJRF,0.6300105816733819,0.36998941832661814,0
991,2120-SMPEX,0.9669058078999819,0.03309419210001796,0
992,3865-YIOTT,0.8670842812286531,0.1329157187713468,0
993,1063-DHQJF,0.9191871817275715,0.08081281827242819,0
994,9281-CEDRU,0.9794789714066223,0.020521028593377805,0
995,2985-FMWYF,0.37757447601128274,0.6224255239887174,1
996,1956-YIFGE,0.7131932987614887,0.2868067012385112,0
997,8180-AKMJV,0.46962982518040597,0.5303701748195939,1
998,2931-XIQBR,0.8698444731660391,0.13015552683396112,0
999,3934-HXCFZ,0.4556636096521187,0.5443363903478813,1
1000,1813-JLKWR,0.968246359184406,0.03175364081559397,0
1001,2057-ZBLPD,0.37839139284557033,0.6216086071544297,1
1002,4854-SSLTN,0.8404032569168018,0.15959674308319816,0
1003,7568-PODML,0.26777093053680917,0.7322290694631907,1
1004,1552-AAGRX,0.6835624259731968,0.31643757402680295,0
1005,7924-GJZFI,0.53904135288162,0.46095864711837997,0
1006,8980-WQFWL,0.7701337801445624,0.22986621985543754,0
1007,8048-DSDFQ,0.7307162451806876,0.2692837548193124,0
1008,6810-VCAEX,0.9818847007262984,0.018115299273701438,0
1009,2933-FILNV,0.5864290022936356,0.4135709977063644,0
1010,7459-IMVYU,0.7540517028988828,0.24594829710111746,0
1011,4450-DLLMH,0.3199495823273962,0.6800504176726033,1
1012,0708-SJDIS,0.8397973246071703,0.16020267539282954,0
1013,2876-GZYZC,0.31911086529738825,0.6808891347026118,1
1014,8799-OXZMD,0.7774753289498065,0.2225246710501929,0
1015,1153-GNOLC,0.8156224967015524,0.1843775032984474,0
1016,7880-XSOJX,0.5499343946455341,0.45006560535446594,0
1017,9554-DFKIC,0.8311013705441797,0.1688986294558205,0
1018,6103-LIANB,0.8923046017546322,0.1076953982453675,0
1019,0909-SELIE,0.9866045691716535,0.013395430828346462,0
1020,0820-FNRNX,0.87993755022169,0.12006244977830985,0
1021,9839-ETQOE,0.802046934783874,0.19795306521612588,0
1022,5150-ITWWB,0.12051331807093091,0.8794866819290691,1
1023,3780-YVMFA,0.6075018244467258,0.39249817555327415,0
1024,7569-NMZYQ,0.9783559411193601,0.021644058880640023,0
1025,9297-FVVDH,0.9715475433521524,0.02845245664784761,0
1026,4940-KHCWD,0.974377846310193,0.02562215368980704,0
1027,2560-QTSBS,0.9993183549124143,0.0006816450875856817,0
1028,3441-CGZJH,0.925728740764632,0.07427125923536802,0
1029,4114-QMKVN,0.9272455745319091,0.07275442546809072,0
1030,7176-WIONM,0.49352176708307466,0.5064782329169254,1
1031,6101-IMRMM,0.34900653268576265,0.6509934673142372,1
1032,2545-EBUPK,0.10254958801505847,0.8974504119849412,1
1033,0104-PPXDV,0.9256649256126523,0.07433507438734735,0
1034,2027-FECZV,0.3126206955966882,0.6873793044033115,1
1035,2202-OUTMO,0.8618303327369276,0.1381696672630725,0
1036,4537-DKTAL,0.5021139965344529,0.4978860034655472,0
1037,9086-YJYXS,0.9043896565102314,0.09561034348976839,0
1038,8000-REIQB,0.11211558824708606,0.8878844117529138,1
1039,4718-DHSMV,0.5862421652150056,0.4137578347849942,0
1040,4464-JCOLN,0.9829135021097046,0.017086497890295357,0
1041,5222-JCXZT,0.8120484510462096,0.18795154895379035,0
1042,9029-FEGVJ,0.6444666534480423,0.35553334655195784,0
1043,0939-EREMR,0.8283610539263908,0.17163894607360902,0
1044,1088-AUUZZ,0.9777819100583778,0.022218089941621947,0
1045,0439-IFYUN,0.5313043058366608,0.46869569416333945,0
1046,4797-MIWUM,0.9465871269253623,0.053412873074637775,0
1047,1591-NFNLQ,0.7779270089004646,0.2220729910995356,0
1048,5206-HPJKM,0.819787365061135,0.18021263493886472,0
1049,2037-XJFUP,0.6375762526596179,0.362423747340382,0
1050,3808-HFKDE,0.6890996685166775,0.31090033148332236,0
1051,7916-VCCPB,0.702205801271769,0.2977941987282311,0
1052,4646-QZXTF,0.7082213709790846,0.2917786290209158,0
1053,1447-PJGGA,0.8656950312087335,0.1343049687912667,0
1054,2749-CTKAJ,0.9986869276089365,0.001313072391063408,0
1055,7463-IFMQU,0.9976352342776577,0.002364765722342449,0
1056,6296-DDOOR,0.8483122144023847,0.1516877855976153,0
1057,2040-OBMLJ,0.9054942064660716,0.09450579353392843,0
1058,4683-WYDOU,0.7313638300506848,0.2686361699493153,0
1059,5419-JPRRN,0.05149673756325118,0.9485032624367488,1
1060,8414-MYSHR,0.3355877422221636,0.6644122577778364,1
1061,8387-MOJJT,0.7270363095143977,0.2729636904856023,0
1062,9730-DRTMJ,0.9232935901568866,0.07670640984311343,0
1063,2126-GSEGL,0.9766042509473034,0.023395749052696542,0
1064,6439-PKTRR,0.9538779565368788,0.046122043463121216,0
1065,3108-PCCGG,0.9520799387990696,0.04792006120093039,0
1066,5176-LMJXE,0.9760353032383483,0.02396469676165169,0
1067,8665-UTDHZ,0.4218663418324855,0.5781336581675144,1
1068,1206-EHBDD,0.9671396808643489,0.032860319135651225,0
1069,5384-ZTTWP,0.9623441359522925,0.0376558640477074,0
1070,7473-ZBDSN,0.9779755511717536,0.022024448828246296,0
1071,6508-NJYRO,0.9554761904761905,0.04452380952380953,0
1072,2474-BRUCM,0.5543883064192904,0.4456116935807097,0
1073,9110-HSGTV,0.9779782188869827,0.022021781113017325,0
1074,9261-WDCAF,0.4738579042405625,0.5261420957594373,1
1075,0795-GMVQO,0.8232104017935371,0.1767895982064627,0
1076,6734-FQAJX,0.8544222419749541,0.14557775802504586,0
1077,6302-JGYRJ,0.8503413958329624,0.14965860416703755,0
1078,5950-AAAGJ,0.6734493396498616,0.3265506603501382,0
1079,9637-EIHEQ,0.5060637005042291,0.4939362994957709,0
1080,9644-UMGQA,0.49260813106536583,0.5073918689346342,1
1081,4879-GZLFH,0.63275844545882,0.36724155454118007,0
1082,6771-XWBDM,0.6841390027894073,0.3158609972105926,0
1083,8840-DQLGN,0.7713691239278382,0.2286308760721615,0
1084,9705-IOVQQ,0.6839669619459425,0.3160330380540574,0
1085,1450-GALXR,0.3152920247747548,0.6847079752252451,1
1086,6015-VVHHE,0.2449909112417982,0.7550090887582017,1
1087,0459-SPZHJ,0.970062582882783,0.029937417117217126,0
1088,3420-ZDBMA,0.4206548892327377,0.5793451107672623,1
1089,4626-OZDTJ,0.9294727250644381,0.0705272749355618,0
1090,5278-PNYOX,0.8828928182725057,0.11710718172749451,0
1091,6695-FRVEC,0.9781886638419717,0.02181133615802815,0
1092,9828-QHFBK,0.7576659505723558,0.2423340494276439,0
1093,9067-YGSCA,0.9998,0.0002,0
1094,2729-VNVAP,0.9876515973478,0.012348402652200116,0
1095,5156-UMKOW,0.6689287161914977,0.3310712838085019,0
1096,1591-XWLGB,0.9989304347826088,0.0010695652173913044,0
1097,3724-UCSHY,0.9419600925270337,0.058039907472966286,0
1098,4074-SJFFA,0.36804607235502673,0.6319539276449733,1
1099,8642-GVWRF,0.3138573257203177,0.6861426742796821,1
1100,5188-HGMLP,0.6814383494890851,0.318561650510915,0
1101,6968-GMKPR,0.6905062121535298,0.3094937878464703,0
1102,9907-SWKKF,0.47505643873638953,0.5249435612636104,1
1103,0613-WUXUM,0.9775167642814702,0.022483235718529837,0
1104,1945-XISKS,0.9942015664961636,0.005798433503836317,0
1105,3234-VKACU,0.4692782589347745,0.5307217410652256,1
1106,8065-QBYTO,0.9231285927508444,0.07687140724915582,0
1107,8985-OOPOS,0.6796398204840398,0.32036017951596024,0
1108,1345-GKDZZ,0.9230679725401844,0.07693202745981557,0
1109,6583-SZVGP,0.7686765983443071,0.23132340165569293,0
1110,9360-OMDZZ,0.3729429863798332,0.6270570136201671,1
1111,6789-HJBWG,0.7368880488688185,0.2631119511311809,0
1112,1227-UDMZR,0.9909665818758941,0.009033418124105968,0
1113,2758-RNWXS,0.7890564878339598,0.2109435121660398,0
1114,6661-EIPZC,0.7689776072804745,0.2310223927195254,0
1115,1934-SJVJK,0.6464870598922917,0.35351294010770834,0
1116,5299-RULOA,0.3404207053840912,0.6595792946159088,1
1117,0196-VULGZ,0.1971755881431944,0.8028244118568056,1
1118,9391-TTOYH,0.9324164311085871,0.0675835688914129,0
1119,7526-BEZQB,0.2375005104817112,0.7624994895182886,1
1120,0872-NXJYS,0.4880001986545691,0.5119998013454309,1
1121,9640-ZSLDC,0.9251747451121198,0.07482525488788025,0
1122,5443-SCMKX,0.7724428170610438,0.2275571829389563,0
1123,8612-GXIDD,0.9811232399179767,0.018876760082023242,0
1124,1401-FTHFQ,0.9996393085613176,0.00036069143868245544,0
1125,4581-SSPWD,0.2571210861040688,0.7428789138959313,1
1126,3577-AMVUX,0.4129485162174176,0.5870514837825823,1
1127,0608-JDVEC,0.9733952267881372,0.02660477321186276,0
1128,4377-VDHYI,0.7977050981698833,0.20229490183011667,0
1129,6461-SZMCV,0.9895061013334739,0.010493898666526063,0
1130,4644-PIZRT,0.8312744578377227,0.1687255421622771,0
1131,0277-BKSQP,0.5194111732584499,0.48058882674155023,0
1132,2812-SFXMJ,0.6710981114880619,0.32890188851193813,0
1133,6243-OZGFH,0.6347209182233098,0.3652790817766902,0
1134,2050-ONYDQ,0.9995061728395062,0.0004938271604938272,0
1135,2673-ZALNP,0.9766091041007556,0.02339089589924438,0
1136,7996-BPXHY,0.9723241508491509,0.02767584915084915,0
1137,5275-SQEIZ,0.1221618303617304,0.8778381696382695,1
1138,4835-YSJMR,0.9250951742594457,0.07490482574055472,0
1139,6749-UTDVX,0.8927958385861262,0.10720416141387348,0
1140,6982-UQZLY,0.8189793416975784,0.18102065830242156,0
1141,9799-CAYJJ,0.37384571290218915,0.6261542870978108,1
1142,3683-QKIUE,0.7315896128956861,0.2684103871043138,0
1143,1051-EQPZR,0.8397875563268785,0.16021244367312143,0
1144,0112-QWPNC,0.9280100066992696,0.0719899933007303,0
1145,9689-PTNPG,0.282533634348859,0.7174663656511407,1
1146,5777-ZPQNC,0.9782857142857142,0.021714285714285717,0
1147,3948-FVVRP,0.7640073167381284,0.23599268326187162,0
1148,5970-GHJAW,0.9980892746646337,0.0019107253353661813,0
1149,7217-JYHOQ,0.9017240964581654,0.0982759035418344,0
1150,9483-GCPWE,0.9701488258934506,0.029851174106549458,0
1151,2187-PKZAY,0.4794236713099891,0.5205763286900108,1
1152,7979-CORPM,0.6272749913272093,0.37272500867279057,0
1153,2257-BOVXD,0.7454784247981887,0.25452157520181123,0
1154,7233-PAHHL,0.9805486602972715,0.019451339702728263,0
1155,9787-XVQIU,0.18459463953384897,0.815405360466151,1
1156,1481-ZUWZA,0.6496778448175436,0.3503221551824565,0
1157,7330-WZLNC,0.2075109757260088,0.7924890242739913,1
1158,6350-XFYGW,0.25330426455058136,0.7466957354494187,1
1159,9959-WOFKT,0.8414905961601531,0.15850940383984688,0
1160,8404-VLQFB,0.9764543956043955,0.023545604395604394,0
1161,1285-OKIPP,0.1250824806641703,0.8749175193358293,1
1162,7359-WWYJV,0.952671854730192,0.04732814526980799,0
1163,0825-CPPQH,0.9741304347826087,0.025869565217391303,0
1164,8847-GEOOQ,0.8095251839926704,0.19047481600732968,0
1165,6080-TCMYC,0.4914607295436212,0.5085392704563789,1
1166,3468-DRVQJ,0.8566304060542103,0.14336959394578971,0
1167,0247-SLUJI,0.4183744276886159,0.5816255723113841,1
1168,2796-NNUFI,0.982323606939084,0.017676393060916052,0
1169,1965-DDBWU,0.6908230297112783,0.3091769702887218,0
1170,5155-AZQPB,0.9304151705979415,0.06958482940205857,0
1171,7517-SAWMO,0.6569280233338675,0.34307197666613276,0
1172,6921-OZMFH,0.6521111255496198,0.34788887445038,0
1173,2302-OUZXB,0.963607802173812,0.03639219782618809,0
1174,5081-NWSUP,0.8630194229920772,0.13698057700792293,0
1175,3001-UNBTL,0.36839235767491224,0.6316076423250876,1
1176,6366-XIVKZ,0.8115692477235913,0.18843075227640846,0
1177,9817-APLHW,0.8937515262515263,0.10624847374847375,0
1178,0811-GSDTP,0.6369173380582147,0.3630826619417853,0
1179,9878-TNQGW,0.2226727964980923,0.7773272035019074,1
1180,2330-PQGDQ,0.9428168952737381,0.05718310472626184,0
1181,8218-FFJDS,0.9952231775227015,0.004776822477298434,0
1182,5312-UXESG,0.6268801505118069,0.37311984948819293,0
1183,8727-JQFHV,0.9963871075512636,0.0036128924487364607,0
1184,8849-GYOKR,0.8802830745068612,0.1197169254931385,0
1185,4751-ERMAN,0.965008030953827,0.03499196904617305,0
1186,9253-VIFJQ,0.9067289533796951,0.09327104662030472,0
1187,5605-XNWEN,0.9588759371099134,0.04112406289008666,0
1188,2801-NISEI,0.8630538675441569,0.1369461324558428,0
1189,4707-MAXGU,0.9940615397814366,0.005938460218563289,0
1190,4893-GYUJU,0.9795744680851064,0.020425531914893616,0
1191,0322-CHQRU,0.45288528465849914,0.5471147153415009,1
1192,1262-OPMFY,0.5324677306160307,0.46753226938396936,0
1193,4079-ULGFR,0.8519703465849179,0.14802965341508195,0
1194,3677-IYRBF,0.2727345509483206,0.7272654490516796,1
1195,5482-VXSXJ,0.6179073523814307,0.3820926476185692,0
1196,6461-PPAXN,0.9726500482133005,0.027349951786699266,0
1197,7011-CVEUC,0.7579072451457262,0.24209275485427376,0
1198,6252-DFGTK,0.9096978810254612,0.09030211897453866,0
1199,7926-IJOOU,0.695305474235573,0.30469452576442707,0
1200,2833-SLKDQ,0.42405006990228145,0.5759499300977184,1
1201,3389-KTRXV,0.9782978743381363,0.021702125661863723,0
1202,3567-PQTSO,0.7476794024426515,0.25232059755734854,0
1203,2868-LLSKM,0.9517923856472534,0.04820761435274654,0
1204,2220-IAHLS,0.6669393854669127,0.33306061453308755,0
1205,5889-LFOLL,0.31263143671906407,0.6873685632809361,1
1206,7181-BQYBV,0.16512103833688813,0.8348789616631119,1
1207,3164-AALRN,0.5972680820632288,0.4027319179367712,0
1208,7408-OFWXJ,0.9922104928964586,0.007789507103541331,0
1209,3530-VWVGU,0.976109103667183,0.02389089633281708,0
1210,6907-NZZIJ,0.48372850559184116,0.5162714944081589,1
1211,9931-KGHOA,0.9216328607627571,0.07836713923724306,0
1212,0921-OHLVP,0.6219986426129117,0.37800135738708834,0
1213,5626-MGTUK,0.6091412470300764,0.3908587529699236,0
1214,0595-ITUDF,0.7358017524339496,0.2641982475660504,0
1215,7562-UXTPG,0.6501695182471835,0.34983048175281634,0
1216,2154-KVJFF,0.40028016485260587,0.5997198351473941,1
1217,0616-ATFGB,0.19943672749265587,0.8005632725073442,1
1218,0136-IFMYD,0.6677800751591318,0.3322199248408684,0
1219,3896-ZVNET,0.9742233372757301,0.025776662724269987,0
1220,0228-MAUWC,0.7728622207361311,0.22713777926386874,0
1221,6538-POCHL,0.7262500468697464,0.2737499531302536,0
1222,4753-PADAS,0.8347494189771308,0.16525058102286905,0
1223,4373-VVHQL,0.4646557324126068,0.535344267587393,1
1224,5294-DMSFH,0.6039762812706996,0.3960237187293003,0
1225,5201-FRKKS,0.8056403872367747,0.19435961276322497,0
1226,6221-AVQYL,0.2356861532931852,0.7643138467068146,1
1227,9625-QNLUX,0.9444978654622181,0.05550213453778187,0
1228,6837-BJYDQ,0.9220247420528587,0.07797525794714133,0
1229,6253-WRFHY,0.6687238495604143,0.3312761504395856,0
1230,5366-OBVMR,0.8413819682901469,0.1586180317098528,0
1231,1492-KGETH,0.8913807033070479,0.10861929669295205,0
1232,4193-IBKSW,0.9971176127385015,0.0028823872614983427,0
1233,5197-LQXXH,0.9750239038583007,0.024976096141699336,0
1234,4320-QMLLA,0.6874912708981724,0.3125087291018274,0
1235,5022-KVDQT,0.430573396903595,0.5694266030964049,1
1236,9135-MGVPY,0.9909605647310744,0.009039435268925653,0
1237,7245-NIIWQ,0.38047930880507796,0.619520691194922,1
1238,7074-STDCN,0.8255016803455097,0.17449831965449003,0
1239,3726-TBHQT,0.9610237665133096,0.03897623348669007,0
1240,0329-GTIAJ,0.36915815501353505,0.6308418449864649,1
1241,6050-FFXES,0.8469511680680839,0.15304883193191599,0
1242,3640-PHQXK,0.4139730867115416,0.5860269132884585,1
1243,4558-CGYCZ,0.8812658513960365,0.11873414860396336,0
1244,9308-ANMVE,0.8207755042156625,0.17922449578433755,0
1245,4547-LYTDD,0.6903848731596205,0.30961512684037934,0
1246,1597-FZREH,0.47502570291366797,0.5249742970863321,1
1247,3891-PUQOD,0.40316953552964546,0.5968304644703547,1
1248,8779-QRDMV,0.12909218741315867,0.8709078125868415,1
1249,3249-ZPQRG,0.4132580483325345,0.5867419516674655,1
1250,1522-VVDMG,0.44571239275804997,0.55428760724195,1
1251,3589-PPVKW,0.6448374265487324,0.3551625734512676,0
1252,2371-JUNGC,0.9253947433699169,0.07460525663008304,0
1253,0612-RTZZA,0.19878386610486573,0.8012161338951342,1
1254,2789-HQBOU,0.3366129649058624,0.6633870350941377,1
1255,9978-HYCIN,0.807918344884631,0.1920816551153688,0
1256,0576-WNXXC,0.36947415743579215,0.6305258425642077,1
1257,7107-UBYKY,0.9512152560889402,0.048784743911059705,0
1258,3530-CRZSB,0.939397215799039,0.060602784200960796,0
1259,7787-BNTZM,0.8083464623205532,0.1916535376794467,0
1260,5143-EGQFK,0.5244725371125205,0.4755274628874796,0
1261,9555-SAHUZ,0.8799814811675075,0.12001851883249266,0
1262,2978-XXSOG,0.8010289514659946,0.19897104853400524,0
1263,8676-OOQEJ,0.6821336666445635,0.31786633335543646,0
1264,7764-BDPEE,0.9126991941078576,0.0873008058921422,0
1265,9919-KNPOO,0.36927642388687965,0.6307235761131205,1
1266,6248-TKCQV,0.9893053973060423,0.010694602693957698,0
1267,3795-CAWEX,0.9244658108864556,0.0755341891135442,0
1268,4070-OKWVH,0.7158419047129698,0.28415809528703007,0
1269,7492-TAFJD,0.911176800976801,0.08882319902319903,0
1270,2143-LJULT,0.988686520433089,0.01131347956691094,0
1271,7595-EHCDL,0.6560593296489502,0.3439406703510498,0
1272,9430-NKQLY,0.9778889458797277,0.02211105412027208,0
1273,5453-YBTWV,0.9622252710723888,0.037774728927611356,0
1274,8125-QPFJD,0.9893130233873724,0.010686976612627623,0
1275,6647-ZEDXT,0.8883393789248223,0.1116606210751773,0
1276,5451-YHYPW,0.9930308688418066,0.006969131158193476,0
1277,2070-FNEXE,0.4778603136968642,0.5221396863031359,1
1278,2542-HYGIQ,0.8393776948841223,0.16062230511587777,0
1279,2207-NHRJK,0.5385782990916002,0.46142170090839985,0
1280,3635-QQRQD,0.988175511396844,0.011824488603156049,0
1281,3126-WQMGH,0.7985229740348713,0.2014770259651288,0
1282,9548-LERKT,0.9865908384345552,0.013409161565444668,0
1283,6568-POCUI,0.887426574459724,0.11257342554027602,0
1284,6837-HAEVO,0.8650342242175393,0.1349657757824606,0
1285,1998-VHJHK,0.9968323977364224,0.003167602263577496,0
1286,4632-PAOYU,0.9986869276089365,0.001313072391063408,0
1287,6179-GJPSO,0.6823297947186913,0.31767020528130874,0
1288,6339-RZCBJ,0.9717070064155215,0.02829299358447849,0
1289,7273-TEFQD,0.29110276662643364,0.7088972333735665,1
1290,6171-ZTVYB,0.887984127034884,0.11201587296511596,0
1291,3508-VLHCZ,0.9920672145570525,0.007932785442947479,0
1292,2718-GAXQD,0.4131553292483502,0.5868446707516498,1
1293,4625-XMOYM,0.9976750522274449,0.0023249477725550334,0
1294,5146-YYFRZ,0.9926748830068022,0.007325116993197849,0
1295,2252-ISRNH,0.42167752707694706,0.5783224729230529,1
1296,8952-WCVCD,0.7857182836961886,0.21428171630381163,0
1297,8695-WDYEA,0.5653601203168743,0.43463987968312573,0
1298,6890-PFRQX,0.8778969015385253,0.12210309846147464,0
1299,4981-FLTMF,0.9366008119016936,0.06339918809830636,0
1300,0748-RDGGM,0.8302804810447789,0.16971951895522086,0
1301,2691-NZETQ,0.31371804958219307,0.686281950417807,1
1302,6295-OSINB,0.9184722934941292,0.08152770650587086,0
1303,9659-ZTWSM,0.7652681661786126,0.23473183382138743,0
1304,2169-RRLFW,0.994311520433089,0.00568847956691094,0
1305,5485-ITNPC,0.9771907035320201,0.02280929646797988,0
1306,9279-CJEOJ,0.4096440783023623,0.5903559216976378,1
1307,0643-OKLRP,0.6772979494589803,0.3227020505410198,0
1308,8884-MRNSU,0.9792821657041746,0.020717834295825313,0
1309,1478-VPOAD,0.3984586045949049,0.601541395405095,1
1310,8644-XLFBW,0.20043348694742374,0.7995665130525762,1
1311,3452-GWUIN,0.35505674327256725,0.644943256727433,1
1312,1600-DILPE,0.6744967949335332,0.32550320506646635,0
1313,7190-XHTWJ,0.9955823977364224,0.004417602263577495,0
1314,6582-OIVSP,0.3886509521850852,0.6113490478149148,1
1315,9411-TPQQV,0.9354281405932108,0.06457185940678924,0
1316,8259-NFJTV,0.6644518156687631,0.3355481843312366,0
1317,3239-TPHPZ,0.9947834101382488,0.005216589861751152,0
1318,1849-RJYIG,0.6930640439635952,0.30693595603640456,0
1319,3462-BJQQA,0.2289834204875768,0.7710165795124234,1
1320,7909-FIOIY,0.7430581787845456,0.2569418212154541,0
1321,7932-WPTDS,0.23211725124577215,0.767882748754228,1
1322,7054-LGEQW,0.3492281669391677,0.6507718330608324,1
1323,0626-QXNGV,0.9982389140271494,0.0017610859728506786,0
1324,1837-YQUCE,0.9840142404264992,0.01598575957350062,0
1325,2516-VQRRV,0.11770303306927746,0.8822969669307225,1
1326,9500-IWPXQ,0.9372828141964178,0.06271718580358217,0
1327,6230-BSUXY,0.12192180010795077,0.8780781998920493,1
1328,7321-ZNSLA,0.9867865915579589,0.013213408442041219,0
1329,5173-ZXXXL,0.8900128372909539,0.10998716270904607,0
1330,9360-AHGNL,0.7876656246001251,0.21233437539987476,0
1331,7609-NRNCA,0.9807271781838126,0.01927282181618727,0
1332,4138-NAXED,0.748574666789257,0.25142533321074284,0
1333,0201-OAMXR,0.8098915228208216,0.1901084771791783,0
1334,9814-AOUDH,0.9358535981817563,0.06414640181824356,0
1335,7356-IWLFW,0.7094947981559298,0.29050520184407025,0
1336,0236-HFWSV,0.37314709793584405,0.6268529020641561,1
1337,0575-CUQOV,0.6881397878946868,0.3118602121053132,0
1338,2804-ETQDK,0.9777303615195175,0.022269638480482495,0
1339,0969-RGKCU,0.989317879989889,0.010682120010111026,0
1340,9943-VSZUV,0.7369969903570837,0.26300300964291656,0
1341,5968-HYJRZ,0.9933307079405492,0.006669292059450613,0
1342,0853-NWIFK,0.7748198359434519,0.22518016405654792,0
1343,5760-IFJOZ,0.2186600606155712,0.7813399393844288,1
1344,5868-CZJDR,0.47117786237334924,0.5288221376266509,1
1345,0347-UBKUZ,0.9369841450774473,0.06301585492255263,0
1346,6859-QNXIQ,0.9659436604176055,0.034056339582394415,0
1347,0877-SDMBN,0.877872637174159,0.12212736282584132,0
1348,9013-AQORL,0.674755288796784,0.325244711203216,0
1349,4851-BQDNX,0.6905339647875731,0.3094660352124269,0
1350,6463-MVYRY,0.9690554304302621,0.030944569569737818,0
1351,0979-PHULV,0.672945756646661,0.32705424335333894,0
1352,5027-XWQHA,0.5473432722214414,0.45265672777855853,0
1353,2632-TACXW,0.9974032908098502,0.002596709190149784,0
1354,9373-WSLOY,0.7789113312059429,0.22108866879405725,0
1355,8204-YJCLA,0.9320198135198134,0.06798018648018649,0
1356,7603-USHJS,0.5640691178825444,0.4359308821174555,0
1357,6849-OYAMU,0.8100905637353865,0.18990943626461326,0
1358,3678-MNGZX,0.9930577424718983,0.006942257528101541,0
1359,7841-TZDMQ,0.48690209529907025,0.5130979047009298,1
1360,3027-ZTDHO,0.16589211124796055,0.8341078887520395,1
1361,8148-WOCMK,0.9566831345240739,0.0433168654759261,0
1362,9117-SHLZX,0.45959803874085176,0.5404019612591482,1
1363,4529-CKBCL,0.24680060185551977,0.75319939814448,1
1364,1775-KWJKQ,0.9913145970005627,0.008685402999437227,0
1365,3506-LCJDC,0.44019914033229396,0.559800859667706,1
1366,6284-KMNUF,0.8666264714179615,0.13337352858203844,0
1367,5228-EXCET,0.4532171803643468,0.5467828196356532,1
1368,2782-JEEBU,0.7919089179720765,0.2080910820279232,0
1369,5542-DHSXL,0.6579356595531847,0.3420643404468152,0
1370,0019-GFNTW,0.9926252061778377,0.007374793822162243,0
1371,2475-MROZF,0.7935946180492869,0.20640538195071326,0
1372,6394-HHHZM,0.9199899735759378,0.08001002642406202,0
1373,8485-GJCDN,0.43480797901420426,0.565192020985796,1
1374,5130-YPIRV,0.9904763079138597,0.009523692086140297,0
1375,9408-SSNVZ,0.36889178071597223,0.6311082192840278,1
1376,6131-FOYAS,0.7810001345144849,0.21899986548551514,0
1377,8309-PPCED,0.9275899310303639,0.07241006896963595,0
1378,8634-MPHTR,0.38381583707598493,0.6161841629240151,1
1379,6924-TDGMT,0.9760634177319508,0.02393658226804923,0
1380,5628-FCGYG,0.3564781998409458,0.6435218001590545,1
1381,5268-DSMNQ,0.8329255987017892,0.16707440129821044,0
1382,7480-QNVZJ,0.36042686082265896,0.6395731391773414,1
1383,6127-IYJOZ,0.34643609252184426,0.6535639074781555,1
1384,4373-MAVJG,0.5521858041217542,0.4478141958782457,0
1385,6349-JDHQP,0.9764444698703281,0.023555530129672007,0
1386,7047-YXDMZ,0.9752280715349656,0.024771928465034267,0
1387,1518-VOWAV,0.6849995207072729,0.31500047929272723,0
1388,9298-WGMRW,0.9802344125264351,0.019765587473564928,0
1389,5447-VYTKW,0.9166679507308373,0.08333204926916238,0
1390,5998-VVEJY,0.4881505683672719,0.5118494316327282,1
1391,1099-BTKWT,0.7275063171139867,0.2724936828860132,0
1392,5356-KZCKT,0.9393536723163842,0.06064632768361582,0
1393,5160-UXJED,0.8244863410611388,0.17551365893886112,0
1394,3701-SFMUH,0.7954369249769931,0.204563075023007,0
1395,9921-EZKBY,0.7292151973155415,0.27078480268445837,0
1396,3137-LUPIX,0.6050331628229538,0.3949668371770461,0
1397,2115-BFTIW,0.8109506347336664,0.18904936526633365,0
1398,0727-BNRLG,0.9208394264130064,0.0791605735869935,0
1399,8818-XYFCQ,0.6534400779251621,0.346559922074838,0
1400,9888-ZCUMM,0.9941388386804129,0.005861161319587039,0
1401,5233-AOZUF,0.43519946144520716,0.5648005385547927,1
1402,1850-AKQEP,0.9705004997610486,0.029499500238951336,0
1403,7134-HBPBS,0.9096722994661799,0.09032770053382003,0
1404,5650-VDUDS,0.5453452765787749,0.45465472342122504,0
1405,9725-SCPZG,0.1590134868978918,0.8409865131021081,1
1406,9764-REAFF,0.9290585500922777,0.07094144990772229,0
1407,7964-YESJC,0.9358938600593096,0.06410613994069023,0
1408,4797-AXPXK,0.5724016977213862,0.4275983022786138,0
